Compound,Date,Negative,Neutral,Positive,Text,TimeDiff,Tweets Ago,User
0.0,Tue Oct 02 22:37:23 +0000 2018,0.0,1.0,0.0,"RT @FashionforGood: Thought-provoking article about how clothing rental could break the trend of #fastfashion 
Lucy Hooker via @BBC https:/‚Ä¶",0,0,@BBC
0.0772,Tue Oct 02 22:37:22 +0000 2018,0.093,0.802,0.105,@RobBurl @DavidPhillips46 @BBC @JasonJHunter Bet he's not on BBCQT 32 times like Nigel Farage or no end of other 'B‚Ä¶ https://t.co/If9phGxBO7,0,1,@BBC
0.8679,Tue Oct 02 22:36:40 +0000 2018,0.0,0.612,0.388,@higeorgeshelley thank you for being brave and daring to talk so openly about your greive. It's so important to wor‚Ä¶ https://t.co/jaqWRxvfOt,0,2,@BBC
-0.0276,Tue Oct 02 22:36:14 +0000 2018,0.228,0.549,0.223,Very impressive doc w @higeorgeshelley talking abt the profound grief of losing a sibling. Well done George - you b‚Ä¶ https://t.co/tBD8jUmCkK,0,3,@BBC
0.0,Tue Oct 02 22:36:09 +0000 2018,0.0,1.0,0.0,RT @TheSikhNet: When is the @BBC picking up this story? @BBCPolitics @BBCWorld @BBCRadio4 https://t.co/u5AYTA4m2V,0,4,@BBC
-0.0258,Tue Oct 02 22:34:25 +0000 2018,0.103,0.798,0.099,UK: The @BBC reports PM Theresa May has committed to high-skilled workers being prioritised post-Brexit with no pre‚Ä¶ https://t.co/ckKNuCPw6W,0,5,@BBC
0.0,Tue Oct 02 22:34:13 +0000 2018,0.0,1.0,0.0,"RT @exmaglux: @MichaelLCrick @trevdick ""has become"" ??  ..FGS man where have you been these last few years, in some Westminster bubble ..we‚Ä¶",0,6,@BBC
0.0,Tue Oct 02 22:34:07 +0000 2018,0.0,1.0,0.0,@bungarsargon @BBC https://t.co/AlBB9w4msa,0,7,@BBC
0.296,Tue Oct 02 22:32:44 +0000 2018,0.0,0.896,0.104,It already has &amp; millions of @bbc  viewers have switched off. Just another national treasure wrecked by this ghastl‚Ä¶ https://t.co/nqGNnda9K6,0,8,@BBC
-0.3612,Tue Oct 02 22:31:52 +0000 2018,0.161,0.839,0.0,@thehill @JeffFlake @MittRomney @LDSChurchNews @LDSchurch @LDSMessages @DNC @Pontifex @SGUtahGolf @flake Sucks to b‚Ä¶ https://t.co/IMlPAPYSHr,0,9,@BBC
0.0,Tue Oct 02 22:31:50 +0000 2018,0.0,1.0,0.0,RT @Hunter1_lj: @SeleneCJordan @algienow @EdwardAdoo @angielemar @BBC @jofish50 @Afridiziak @Tru_Powell @PelePerformer @CarverAnderson  I o‚Ä¶,0,10,@BBC
-0.3612,Tue Oct 02 22:31:05 +0000 2018,0.111,0.889,0.0,"RT @microbit_edu: Earlier this year, a @BBC micro:bit took on the 1951 Harwell Witch - the world's oldest working computer (and a machine t‚Ä¶",0,11,@BBC
0.0,Tue Oct 02 22:30:35 +0000 2018,0.0,1.0,0.0,RT @drsharwood: @DavidGPhelps @MartWhitfieldMP @DavidGauke @jeremycorbyn @theresa_may @UKLabour @DamianHinds @Debbie_abrahams @frankfieldte‚Ä¶,0,12,@BBC
0.0,Tue Oct 02 22:29:32 +0000 2018,0.0,1.0,0.0,@Lottmus @hrtbps @BBC Sponsored by ITV News Charlotte,0,13,@BBC
-0.802,Tue Oct 02 22:29:16 +0000 2018,0.387,0.613,0.0,RT @BBC: Knife crime is up 22%. Who are the victims and what‚Äôs to blame? https://t.co/ZEAml31p9m,0,14,@BBC
0.6696,Tue Oct 02 22:29:13 +0000 2018,0.0,0.757,0.243,"RT @BBC: ‚ù§Ô∏èüíÉüèª Ballet is still the love of Joyce's life at 98-years-old! 
#WorldBalletDay https://t.co/nzr3Jy1wbS",0,15,@BBC
0.7689,Tue Oct 02 22:28:37 +0000 2018,0.0,0.623,0.377,RT @HarrisDickinson: @rachelpierman @BBC Thank you Rachel! so glad u enjoying...Luca is really something,0,16,@BBC
0.0,Tue Oct 02 22:27:56 +0000 2018,0.0,1.0,0.0,"@hamed_samad Sehenswert &amp; sehr gut aufgekl√§rt.üëçüëè
Dankesch√∂n @ARTEde &amp; Nazan G√∂kdemirüôè!
Als Schulunterricht w√ºrde ic‚Ä¶ https://t.co/hDah5RhCXx",0,17,@BBC
0.4019,Tue Oct 02 22:27:45 +0000 2018,0.0,0.881,0.119,RT @DavidPhillips46: Don't be so disingenuous @RobBurl your @bbc journalists have been toeing the party line of their paymasters. If you're‚Ä¶,0,18,@BBC
0.2732,Tue Oct 02 22:26:26 +0000 2018,0.0,0.861,0.139,@MissJessWright_ @higeorgeshelley @BBC Watching as well @MissJessWright_  @higeorgeshelley and @BBC. So heart break‚Ä¶ https://t.co/ElPCHwxtQH,0,19,@BBC
0.7096,Tue Oct 02 22:25:34 +0000 2018,0.0,0.786,0.214,"RT @BBC: In 2002, Iberian Lynx were the rarest cats in the world. But then something remarkable happened... https://t.co/iEVCaSDvjN",0,20,@BBC
0.0,Tue Oct 02 22:25:18 +0000 2018,0.0,1.0,0.0,@TheBeatWithAri Why is the media reporting that the Kavanaugh probe has been extended? Did anyone see the directive‚Ä¶ https://t.co/fmyUC0c4CT,0,21,@BBC
-0.4939,Tue Oct 02 22:25:15 +0000 2018,0.144,0.856,0.0,"RT @PPolls2018: @CentristLad #Poll ""It's not 'low-skilled' workers who damage the UK - it's low-skilled politicians."" What do you think doe‚Ä¶",0,22,@BBC
0.0,Tue Oct 02 22:24:19 +0000 2018,0.0,1.0,0.0,@DaveMBall @ramsay_wmramsay @IsThisAB0t @Johnny_Brexit @marmeladejam @Richardnobrexit @TheaDickinson @MoonrakerXI‚Ä¶ https://t.co/fFLFgmOCHZ,0,23,@BBC
0.0,Tue Oct 02 22:24:15 +0000 2018,0.0,1.0,0.0,@bandit_money @ThereIsaidso @veganjade @Vgneration @CubaMac24 @StanleyCohenLaw @Paul_A_Reeves @herbivore_club‚Ä¶ https://t.co/QxVAw6YNf4,0,24,@BBC
0.4767,Tue Oct 02 22:23:19 +0000 2018,0.0,0.846,0.154,"#bbc2houseofassad Given @bbc‚Äôs history of reporting on events in Iraq over recent years, one can confidently expect‚Ä¶ https://t.co/uDJn761UnG",0,25,@BBC
-0.0387,Tue Oct 02 22:23:12 +0000 2018,0.076,0.924,0.0,"@JasonJHunter @RobBurl @DavidPhillips46 @BBC Sorry Jason, but political media, especially Welsh political media, fa‚Ä¶ https://t.co/BWi42ikRwg",0,26,@BBC
0.0,Tue Oct 02 22:23:06 +0000 2018,0.0,1.0,0.0,@DaveMBall @ramsay_wmramsay @IsThisAB0t @Johnny_Brexit @marmeladejam @Richardnobrexit @TheaDickinson @MoonrakerXI‚Ä¶ https://t.co/XtL44MceRc,0,27,@BBC
0.0,Tue Oct 02 22:22:36 +0000 2018,0.0,1.0,0.0,"RT @Gillemhuire: Ruth Davidson in a nutshell @BBCScotlandNews @BBCNews @BBCTheOneShow @BBC Savvy, Beebie s? #indyref2 #DissolveTheUnion #Sc‚Ä¶",0,28,@BBC
0.4588,Tue Oct 02 22:22:28 +0000 2018,0.0,0.714,0.286,@Kathrynmia10 @BBC That felt true to therapy for Me though. unfinished sentences,0,29,@BBC
0.6597,Tue Oct 02 22:22:23 +0000 2018,0.0,0.735,0.265,RT @Lottmus: Ohhh that looks like a must see to me #comedy @BBC does it again I hope https://t.co/1B1xIv9xg2,0,30,@BBC
0.0,Tue Oct 02 22:22:11 +0000 2018,0.0,1.0,0.0,@Manicmo2019 @ThereIsaidso @veganjade @Vgneration @CubaMac24 @StanleyCohenLaw @Paul_A_Reeves @herbivore_club‚Ä¶ https://t.co/J88auL3TrS,0,31,@BBC
-0.872,Tue Oct 02 22:22:01 +0000 2018,0.368,0.632,0.0,"RT @BBC: Last year @higeorgeshelley's sister died in an accident. 

He opens up about grief and how to cope.

https://t.co/4SajjiJI6e",0,32,@BBC
0.0,Tue Oct 02 22:21:39 +0000 2018,0.0,1.0,0.0,@BBCiPlayer @BBC,0,33,@BBC
0.1571,Tue Oct 02 22:21:39 +0000 2018,0.152,0.709,0.138,Boris Johnston must be the perfect example of someone that will not accept that he is unwanted and unsuited for any‚Ä¶ https://t.co/JeoVDZgHre,0,34,@BBC
-0.6249,Tue Oct 02 22:21:01 +0000 2018,0.17,0.83,0.0,"RT @TheCCoalition: Did you catch¬†@BBC's #DrowningInPlastic last night?¬†
'As the ocean plastic crisis becomes ever more apparent, more and m‚Ä¶",0,35,@BBC
0.0,Tue Oct 02 22:20:54 +0000 2018,0.0,1.0,0.0,@RobBurl @DavidPhillips46 @BBC @JasonJHunter Erm... why has it taken so long?,0,36,@BBC
0.3182,Tue Oct 02 22:20:48 +0000 2018,0.0,0.881,0.119,"RT @watchvideosoul: Every human on this planet should watch this: https://t.co/dpbpG4y9zz

And @bbc @BBCOne @BBCEarth @WildlifeMag please b‚Ä¶",0,37,@BBC
0.0,Tue Oct 02 22:20:32 +0000 2018,0.0,1.0,0.0,RT @DaveMBall: @enquirehere @ramsay_wmramsay @IsThisAB0t @Johnny_Brexit @marmeladejam @Richardnobrexit @TheaDickinson @MoonrakerXI @bbclaur‚Ä¶,0,38,@BBC
0.0,Tue Oct 02 22:20:32 +0000 2018,0.0,1.0,0.0,"RT @Gillemhuire: Ruth Davidson in a nutshell @BBCScotlandNews @BBCNews @BBCTheOneShow @BBC Savvy, Beebie s? #indyref2 #DissolveTheUnion #Sc‚Ä¶",0,39,@BBC
0.4404,Tue Oct 02 22:20:27 +0000 2018,0.0,0.888,0.112,"RT @LordBikebot: @nosliWtrautS @BBC America is a good few years ahead of us on 4x4s and SUVs, enough that the link between such vehicles an‚Ä¶",0,40,@BBC
0.0,Tue Oct 02 22:20:06 +0000 2018,0.0,1.0,0.0,@enquirehere @ramsay_wmramsay @IsThisAB0t @Johnny_Brexit @marmeladejam @Richardnobrexit @TheaDickinson @MoonrakerXI‚Ä¶ https://t.co/kldYD41DR8,0,41,@BBC
0.0,Tue Oct 02 22:20:02 +0000 2018,0.0,1.0,0.0,RT @JasonJHunter: @harryhpalmer @RobBurl @DavidPhillips46 @BBC Let's start with one.  And see where it takes us.   It's going to be the hot‚Ä¶,0,42,@BBC
0.6597,Tue Oct 02 22:19:53 +0000 2018,0.0,0.707,0.293,Ohhh that looks like a must see to me #comedy @BBC does it again I hope https://t.co/1B1xIv9xg2,0,43,@BBC
0.886,Tue Oct 02 22:19:37 +0000 2018,0.0,0.606,0.394,RT @fredthearboro: A beautiful article by the @bbc with powerful stories and excellent advice to those who feel #lonely https://t.co/l93PDT‚Ä¶,0,44,@BBC
0.6696,Tue Oct 02 22:19:31 +0000 2018,0.0,0.757,0.243,"RT @BBC: ‚ù§Ô∏èüíÉüèª Ballet is still the love of Joyce's life at 98-years-old! 
#WorldBalletDay https://t.co/nzr3Jy1wbS",0,45,@BBC
0.1011,Tue Oct 02 22:19:26 +0000 2018,0.114,0.756,0.13,RT @harryhpalmer: @RobBurl @DavidPhillips46 @BBC @JasonJHunter more than one show? more than one episode? I hope so. You have so missed you‚Ä¶,0,46,@BBC
0.0,Tue Oct 02 22:19:21 +0000 2018,0.0,1.0,0.0,"Ruth Davidson in a nutshell @BBCScotlandNews @BBCNews @BBCTheOneShow @BBC Savvy, Beebie s? #indyref2‚Ä¶ https://t.co/7k9eCLVytU",0,47,@BBC
0.0,Tue Oct 02 22:18:50 +0000 2018,0.0,1.0,0.0,@harryhpalmer @RobBurl @DavidPhillips46 @BBC Let's start with one.  And see where it takes us.   It's going to be t‚Ä¶ https://t.co/hgzGeWPoUg,0,48,@BBC
0.0,Tue Oct 02 22:18:19 +0000 2018,0.0,1.0,0.0,"RT @FashionforGood: Thought-provoking article about how clothing rental could break the trend of #fastfashion 
Lucy Hooker via @BBC https:/‚Ä¶",0,49,@BBC
0.0,Tue Oct 02 22:18:16 +0000 2018,0.0,1.0,0.0,@EvelynWanjiru_A @YouTube @katyperry @Karimi_Karen @CNN @zyiko3012 @shakira @EmmyKosgei @taylorswift13 @MercyMasika‚Ä¶ https://t.co/lf3kSR4weK,0,50,@BBC
0.3612,Tue Oct 02 22:18:10 +0000 2018,0.0,0.762,0.238,@BenPaddon @BBC @bbcdoctorwho Like that one Buffy previously on?,0,51,@BBC
-0.7579,Tue Oct 02 22:17:57 +0000 2018,0.212,0.748,0.04,"RT @BBC: This is disgusting. üòî

The Citarum River in Indonesia is one of the dirtiest rivers in the world. 

Plastic pollution has got so b‚Ä¶",0,52,@BBC
0.0,Tue Oct 02 22:17:57 +0000 2018,0.0,1.0,0.0,@DaveMBall @ramsay_wmramsay @IsThisAB0t @Johnny_Brexit @marmeladejam @Richardnobrexit @TheaDickinson @MoonrakerXI‚Ä¶ https://t.co/KyFKauqfHs,0,53,@BBC
0.0,Tue Oct 02 22:17:56 +0000 2018,0.0,1.0,0.0,@bandit_money @ThereIsaidso @veganjade @Vgneration @CubaMac24 @StanleyCohenLaw @Paul_A_Reeves @herbivore_club‚Ä¶ https://t.co/rnKSgmabM6,0,54,@BBC
0.3182,Tue Oct 02 22:17:48 +0000 2018,0.0,0.905,0.095,RT @leaky: Did you know @jk_rowling 's latest novel #LethalWhite is #1 on the @nytimes bestsellers list? Now @BBC has confirmed the 4-parte‚Ä¶,0,55,@BBC
0.7096,Tue Oct 02 22:17:31 +0000 2018,0.0,0.786,0.214,"RT @BBC: In 2002, Iberian Lynx were the rarest cats in the world. But then something remarkable happened... https://t.co/iEVCaSDvjN",0,56,@BBC
0.296,Tue Oct 02 22:17:08 +0000 2018,0.0,0.833,0.167,"@Richardnobrexit @DaveMBall @Johnny_Brexit @marmeladejam @TheaDickinson @MoonrakerXI @bbclaurak @BBC Yeah, you're j‚Ä¶ https://t.co/1m2dde68ff",0,57,@BBC
-0.6705,Tue Oct 02 22:16:42 +0000 2018,0.2,0.8,0.0,"RT @BBC: Over 300,000 marine animals are killed after becoming entangled in fishing gear every year. 
#DrowningInPlastic #PlasticsAction ht‚Ä¶",0,58,@BBC
-0.6908,Tue Oct 02 22:16:34 +0000 2018,0.379,0.621,0.0,"RT @DoraExplorer47: @watchvideosoul @lizbonnin @BBC @BBCOne @BBCEarth @WildlifeMag @BBCiPlayer @RawTVLtd Shocking, distressing, sorry heart‚Ä¶",0,59,@BBC
0.128,Tue Oct 02 22:16:32 +0000 2018,0.0,0.903,0.097,RT @OnlyMeWaffling: @DoraExplorer47 @watchvideosoul @lizbonnin @BBC @BBCOne @BBCEarth @WildlifeMag @BBCiPlayer @RawTVLtd Left me feeling it‚Ä¶,0,60,@BBC
0.6428,Tue Oct 02 22:16:30 +0000 2018,0.0,0.767,0.233,"RT @LiamJJackson123: @watchvideosoul @lizbonnin @BBC @BBCOne @BBCEarth @WildlifeMag @BBCiPlayer @RawTVLtd This fantastic programme, if seen‚Ä¶",0,61,@BBC
0.504,Tue Oct 02 22:16:23 +0000 2018,0.0,0.847,0.153,@RobBurl @DavidPhillips46 @BBC @JasonJHunter more than one show? more than one episode? I hope so. You have so miss‚Ä¶ https://t.co/IxV8s00MJw,0,62,@BBC
0.5707,Tue Oct 02 22:16:14 +0000 2018,0.0,0.749,0.251,RT @themurphs11: @watchvideosoul @lizbonnin @BBC @BBCOne @BBCEarth @WildlifeMag @BBCiPlayer @RawTVLtd Agreed! Please @BBCNatureUK try to ge‚Ä¶,0,63,@BBC
0.4215,Tue Oct 02 22:15:59 +0000 2018,0.0,0.859,0.141,"RT @alexbiebricher: #FirstGif for ""space travel"". Have a nice weekend everyone. üöÄüôÇ

#space #science @BBC #Saturn #planet #solarsystem #news‚Ä¶",0,64,@BBC
0.3182,Tue Oct 02 22:15:24 +0000 2018,0.0,0.881,0.119,"RT @watchvideosoul: Every human on this planet should watch this: https://t.co/dpbpG4y9zz

And @bbc @BBCOne @BBCEarth @WildlifeMag please b‚Ä¶",0,65,@BBC
0.0,Tue Oct 02 22:15:21 +0000 2018,0.0,1.0,0.0,@Manicmo2019 @bandit_money @ThereIsaidso @veganjade @Vgneration @StanleyCohenLaw @Paul_A_Reeves @herbivore_club‚Ä¶ https://t.co/ZxBkQ2ZjvO,0,66,@BBC
0.0,Tue Oct 02 22:15:18 +0000 2018,0.0,1.0,0.0,@DavidGPhelps @MartWhitfieldMP @DavidGauke @jeremycorbyn @theresa_may @UKLabour @DamianHinds @Debbie_abrahams‚Ä¶ https://t.co/cJ4RYKuIMK,0,67,@BBC
0.7096,Tue Oct 02 22:15:11 +0000 2018,0.0,0.786,0.214,"RT @BBC: In 2002, Iberian Lynx were the rarest cats in the world. But then something remarkable happened... https://t.co/iEVCaSDvjN",0,68,@BBC
0.0,Tue Oct 02 22:14:38 +0000 2018,0.0,1.0,0.0,@Manicmo2019 @ThereIsaidso @veganjade @Vgneration @CubaMac24 @StanleyCohenLaw @Paul_A_Reeves @herbivore_club‚Ä¶ https://t.co/GNpMso4XB3,0,69,@BBC
-0.4939,Tue Oct 02 22:14:38 +0000 2018,0.144,0.856,0.0,"RT @PPolls2018: @CentristLad #Poll ""It's not 'low-skilled' workers who damage the UK - it's low-skilled politicians."" What do you think doe‚Ä¶",0,70,@BBC
-0.5994,Tue Oct 02 22:14:37 +0000 2018,0.271,0.653,0.075,"RT @retweet4cat: Self-determination is legal under international law ‚Äì it's hypocritical to argue otherwise for #Catalonia.
@UNHumanRights‚Ä¶",0,71,@BBC
0.0,Tue Oct 02 22:14:35 +0000 2018,0.0,1.0,0.0,@Springbaby777 @USGOVIgnorance @jnj_kahl @Just2BiZI @MGasmiaRamzi @georgegalloway @AlgerianPalest @benfcampen‚Ä¶ https://t.co/ulBjBkjAfp,0,72,@BBC
0.0,Tue Oct 02 22:14:22 +0000 2018,0.174,0.652,0.174,"RT @michaelnixon70: Only interviewed by state TV aka the @bbc - pretty shameful.
#GetTheToriesOut https://t.co/j6Fvj15C4O",0,73,@BBC
0.4926,Tue Oct 02 22:13:58 +0000 2018,0.0,0.849,0.151,RT @GeorgeSlayer6: @Justice4the21 @BBCRadio4 They've done this to Julie before haven't they... 2 or 3 times now! That is truly disgraceful‚Ä¶,0,74,@BBC
0.0,Tue Oct 02 22:13:58 +0000 2018,0.0,1.0,0.0,"@jimmychamorro estamos ""tratando de dejar 50 a√±os de guerra interna"" para comenzar con una intervenci√≥n internacion‚Ä¶ https://t.co/PrWbhuCKIJ",0,75,@BBC
0.3182,Tue Oct 02 22:13:53 +0000 2018,0.0,0.881,0.119,"RT @watchvideosoul: Every human on this planet should watch this: https://t.co/dpbpG4y9zz

And @bbc @BBCOne @BBCEarth @WildlifeMag please b‚Ä¶",0,76,@BBC
0.4696,Tue Oct 02 22:13:39 +0000 2018,0.0,0.766,0.234,@RobBurl @DavidPhillips46 @BBC @JasonJHunter When is he on? Hopefully Sunday politics?,0,77,@BBC
0.5994,Tue Oct 02 22:13:38 +0000 2018,0.0,0.837,0.163,"Beautiful version of one of my favourite ever songs, #Grace by @rodstewart brought a little tear to my eye.  Las Ve‚Ä¶ https://t.co/hBlJ9IOQfM",0,78,@BBC
0.0,Tue Oct 02 22:13:25 +0000 2018,0.0,1.0,0.0,@mattzarb .@theresa_may will only talk to the Tory crony riddled @BBCNews because she has an understanding that the‚Ä¶ https://t.co/gUPSO63GYG,0,79,@BBC
-0.5994,Tue Oct 02 22:13:23 +0000 2018,0.271,0.653,0.075,"RT @retweet4cat: Self-determination is legal under international law ‚Äì it's hypocritical to argue otherwise for #Catalonia.
@UNHumanRights‚Ä¶",0,80,@BBC
0.0,Tue Oct 02 22:13:03 +0000 2018,0.0,1.0,0.0,RT @lilyambas: Who on earth wants to cohabit with people who have killed/raped/burned/dehumanized/tortured/imprisoned 1000s of their people‚Ä¶,0,81,@BBC
-0.1195,Tue Oct 02 22:12:56 +0000 2018,0.135,0.749,0.116,"Nothing but crap on @BBC
Whos going to notice?

Flog It! axed as part of BBC One daytime shake-up - https://t.co/7xFE5IAEUx",0,82,@BBC
0.0,Tue Oct 02 22:12:56 +0000 2018,0.0,1.0,0.0,@CubaMac24 @bandit_money @ThereIsaidso @veganjade @Vgneration @StanleyCohenLaw @Paul_A_Reeves @herbivore_club‚Ä¶ https://t.co/u5kviBXEUc,0,83,@BBC
0.0,Tue Oct 02 22:12:32 +0000 2018,0.0,1.0,0.0,@Springbaby777 @USGOVIgnorance @jnj_kahl @Just2BiZI @MGasmiaRamzi @georgegalloway @AlgerianPalest @benfcampen‚Ä¶ https://t.co/59CVsECB4h,0,84,@BBC
-0.6249,Tue Oct 02 22:12:18 +0000 2018,0.17,0.83,0.0,"RT @TheCCoalition: Did you catch¬†@BBC's #DrowningInPlastic last night?¬†
'As the ocean plastic crisis becomes ever more apparent, more and m‚Ä¶",0,85,@BBC
-0.7964,Tue Oct 02 22:12:17 +0000 2018,0.272,0.728,0.0,"@RobBurl @DavidPhillips46 @BBC @JasonJHunter And what Think Tank wanker are you going to have on talking over everyone for ‚Äòbalance‚Äô, Rob?",0,86,@BBC
0.0,Tue Oct 02 22:12:15 +0000 2018,0.0,1.0,0.0,@Springbaby777 @USGOVIgnorance @jnj_kahl @Just2BiZI @MGasmiaRamzi @georgegalloway @AlgerianPalest @benfcampen‚Ä¶ https://t.co/DK1I1Qcuxa,0,87,@BBC
0.0,Tue Oct 02 22:12:05 +0000 2018,0.0,1.0,0.0,@bandit_money @ThereIsaidso @veganjade @Vgneration @CubaMac24 @StanleyCohenLaw @Paul_A_Reeves @herbivore_club‚Ä¶ https://t.co/jp9Ltzy5vd,0,88,@BBC
-0.2732,Tue Oct 02 22:11:43 +0000 2018,0.213,0.608,0.179,RT @BBC: Two scientists who discovered how to fight cancer using the body's immune system have won the 2018 #NobelPrize for physiology or m‚Ä¶,0,89,@BBC
0.0,Tue Oct 02 22:11:36 +0000 2018,0.0,1.0,0.0,@enquirehere @ramsay_wmramsay @IsThisAB0t @Johnny_Brexit @marmeladejam @Richardnobrexit @TheaDickinson @MoonrakerXI‚Ä¶ https://t.co/zorNZdqgL0,0,90,@BBC
0.2732,Tue Oct 02 22:11:31 +0000 2018,0.0,0.851,0.149,@enquirehere @DaveMBall @Johnny_Brexit @marmeladejam @TheaDickinson @MoonrakerXI @bbclaurak @BBC Well the Brexit bo‚Ä¶ https://t.co/SG6o4xQskn,0,91,@BBC
0.8173,Tue Oct 02 22:11:16 +0000 2018,0.0,0.595,0.405,Really enjoying  #Wanderlust @BBC Brilliant acting #Toni Collette #Sophie Okonedo - profound and moving,0,92,@BBC
-0.5256,Tue Oct 02 22:11:05 +0000 2018,0.166,0.834,0.0,Watching @higeorgeshelley documentary now @BBC one &amp; it‚Äôs absolutely üíî life is unexplainable sometimes. Sending lov‚Ä¶ https://t.co/wBvjIw1A37,0,93,@BBC
-0.2732,Tue Oct 02 22:11:02 +0000 2018,0.213,0.608,0.179,RT @BBC: Two scientists who discovered how to fight cancer using the body's immune system have won the 2018 #NobelPrize for physiology or m‚Ä¶,0,94,@BBC
0.7003,Tue Oct 02 22:10:43 +0000 2018,0.0,0.655,0.345,"Whoaaaa #Wanderlust
..what s turn Sophie and Toni have just played. Fabulous. @bbc #drama",0,95,@BBC
-0.7351,Tue Oct 02 22:10:25 +0000 2018,0.47,0.53,0.0,RT @anneramsey740: @nosliWtrautS @seanlondonandon @BBC Where‚Äôs the bloody outcry,0,96,@BBC
0.4019,Tue Oct 02 22:10:24 +0000 2018,0.0,0.881,0.119,RT @DavidPhillips46: Don't be so disingenuous @RobBurl your @bbc journalists have been toeing the party line of their paymasters. If you're‚Ä¶,0,97,@BBC
0.6369,Tue Oct 02 22:10:17 +0000 2018,0.0,0.802,0.198,@RobBurl @amandarandall5 @isslater @MrTimPoole1 @BBC @No10 So when a government bod says 'we will end freedom of mo‚Ä¶ https://t.co/2RGeiNaQMy,0,98,@BBC
-0.4184,Tue Oct 02 22:10:15 +0000 2018,0.481,0.519,0.0,@TapnerEventing @BBC Stop plastic!!,0,99,@BBC
0.6249,Tue Oct 02 22:38:39 +0000 2018,0.0,0.611,0.389,@CBSNews @StephenGutowski Oregon man reaching for Florida Man honors @TheRickWilson,0,0,@CBSNews
-0.9313,Tue Oct 02 22:38:31 +0000 2018,0.381,0.619,0.0,"RT @SebGorka: From serial rapist and attempted murderer to ‚Äúthrowing ice‚Äù in just 14 days. 

Now all the World knows you are a lying append‚Ä¶",0,1,@CBSNews
0.4199,Tue Oct 02 22:38:30 +0000 2018,0.0,0.589,0.411,@Msbmoran @CBSNews Mongo like candy!,0,2,@CBSNews
0.0,Tue Oct 02 22:38:27 +0000 2018,0.0,1.0,0.0,@CBSNews Are you still talking,0,3,@CBSNews
-0.3412,Tue Oct 02 22:38:21 +0000 2018,0.156,0.844,0.0,@BillHuber847 @CBSNews @NRA SCOTUS previously ruled that boobytraps are not constitutionally protected firearms.‚Ä¶ https://t.co/UpvbDkmXZu,0,4,@CBSNews
-0.4404,Tue Oct 02 22:38:20 +0000 2018,0.127,0.873,0.0,"RT @CBSNews: FBI agent shot by booby-trapped wheelchair in home fortified with makeshift weapons, including a circular hot tub turned on it‚Ä¶",0,5,@CBSNews
-0.4404,Tue Oct 02 22:38:11 +0000 2018,0.127,0.873,0.0,"RT @CBSNews: FBI agent shot by booby-trapped wheelchair in home fortified with makeshift weapons, including a circular hot tub turned on it‚Ä¶",0,6,@CBSNews
-0.6289,Tue Oct 02 22:38:05 +0000 2018,0.805,0.195,0.0,@CBSNews WTH?,0,7,@CBSNews
0.2824,Tue Oct 02 22:38:04 +0000 2018,0.083,0.754,0.164,RT @KrisParonto: . @CeciliaVega excuse you??? No you don‚Äôt think or you wouldn‚Äôt try to hijack the President‚Äôs talk. You looked like the ty‚Ä¶,0,8,@CBSNews
-0.4404,Tue Oct 02 22:38:03 +0000 2018,0.127,0.873,0.0,"RT @CBSNews: FBI agent shot by booby-trapped wheelchair in home fortified with makeshift weapons, including a circular hot tub turned on it‚Ä¶",0,9,@CBSNews
-0.4404,Tue Oct 02 22:38:03 +0000 2018,0.127,0.873,0.0,"RT @CBSNews: FBI agent shot by booby-trapped wheelchair in home fortified with makeshift weapons, including a circular hot tub turned on it‚Ä¶",0,10,@CBSNews
0.6249,Tue Oct 02 22:38:03 +0000 2018,0.0,0.549,0.451,"@CBSNews Great objective reporting, CBS. ‚ÄúSparred?‚Äù",0,11,@CBSNews
0.8038,Tue Oct 02 22:37:47 +0000 2018,0.0,0.724,0.276,"RT @Animal_Watch: WHALE OF A RESCUE: More than 30 people helped save a humpback whale stranded on a beach in Argentina
RT @CBSNews https://‚Ä¶",0,12,@CBSNews
0.0,Tue Oct 02 22:37:44 +0000 2018,0.0,1.0,0.0,"RT @CBSNews: BAR HOPPING: Runaway racehorse gallops into a French sports bar, sending patrons running for their lives. https://t.co/VXNLkim‚Ä¶",0,13,@CBSNews
-0.4404,Tue Oct 02 22:37:43 +0000 2018,0.127,0.873,0.0,"RT @CBSNews: FBI agent shot by booby-trapped wheelchair in home fortified with makeshift weapons, including a circular hot tub turned on it‚Ä¶",0,14,@CBSNews
-0.5667,Tue Oct 02 22:37:41 +0000 2018,0.206,0.794,0.0,"@CBSNews Again goes along with moving the goalposts,asking for more witnesses to delay and putting Ford at risk of‚Ä¶ https://t.co/RZvtakONuK",0,15,@CBSNews
0.0,Tue Oct 02 22:37:39 +0000 2018,0.0,1.0,0.0,@CBSNews #Merica,0,16,@CBSNews
-0.5789,Tue Oct 02 22:37:36 +0000 2018,0.484,0.516,0.0,@CBSNews Is this a mad libs,0,17,@CBSNews
0.0,Tue Oct 02 22:37:23 +0000 2018,0.0,1.0,0.0,@dcgreenfield @NorahODonnell @CBSNews @CBSThisMorning @SenJoniErnst Lie?  About what?,0,18,@CBSNews
0.8038,Tue Oct 02 22:37:18 +0000 2018,0.0,0.702,0.298,RT @CBSNews: WHALE OF A RESCUE: More than 30 people helped save a humpback whale stranded on a beach in Argentina https://t.co/Kt9OEIU3Kg,0,19,@CBSNews
0.8947,Tue Oct 02 22:37:01 +0000 2018,0.0,0.561,0.439,"@drboylecj @CBSNews Again, morals and values are very important, I don‚Äôt care he gave everyone a $5k bonus check ev‚Ä¶ https://t.co/xfpnNWd4f3",0,20,@CBSNews
0.1695,Tue Oct 02 22:37:00 +0000 2018,0.0,0.878,0.122,@realandrewmccay @CBSNews Don't forget who gave birth to you A WOMAN NOT A MAN https://t.co/PrbBmvLDcB,0,21,@CBSNews
0.4588,Tue Oct 02 22:36:58 +0000 2018,0.0,0.6,0.4,"@CBSNews @RonKoff Oh my god, are you okay?",0,22,@CBSNews
0.6249,Tue Oct 02 22:36:58 +0000 2018,0.0,0.745,0.255,@jeaninewiater @NorahODonnell @CBSNews @CBSThisMorning @SenJoniErnst That's a great question.  We know a lot about‚Ä¶ https://t.co/IyzHEZ4uSM,0,23,@CBSNews
0.0,Tue Oct 02 22:36:57 +0000 2018,0.0,1.0,0.0,RT @ForeclosureOz: @ourkidz3 @musser_benson @magdasedra @Traci36362909 @BeyondTheBantr @NicheMarketway @adomantholdings @truthsearch1957 @I‚Ä¶,0,24,@CBSNews
-0.7351,Tue Oct 02 22:36:57 +0000 2018,0.404,0.48,0.116,@CBSNews the only thing that stops a bad wheelchair rigged with a shotgun is a good wheelchair rigged with a shotgun.,0,25,@CBSNews
0.0772,Tue Oct 02 22:36:55 +0000 2018,0.0,0.885,0.115,@iamgingerroot @Jz_Okc @MichaelHands1 @CBSNews You see what you want to see.,0,26,@CBSNews
-0.5423,Tue Oct 02 22:36:54 +0000 2018,0.259,0.592,0.15,RT @GeostompX: @CBSNews Can we please stop acting like a man abusing the highest office in the nation to attack anyone who dares question h‚Ä¶,0,27,@CBSNews
-0.5423,Tue Oct 02 22:36:50 +0000 2018,0.259,0.741,0.0,@CBSNews She was class- he was ass.  Be real here CBS.,0,28,@CBSNews
-0.4939,Tue Oct 02 22:36:47 +0000 2018,0.16,0.84,0.0,@CBSNews I‚Äôm starting to see a hard slant on your reports that im unhappy with. He did not spar with her. He was ru‚Ä¶ https://t.co/DfdQKmfs22,0,29,@CBSNews
-0.4404,Tue Oct 02 22:36:43 +0000 2018,0.127,0.873,0.0,"RT @CBSNews: FBI agent shot by booby-trapped wheelchair in home fortified with makeshift weapons, including a circular hot tub turned on it‚Ä¶",0,30,@CBSNews
-0.4215,Tue Oct 02 22:36:42 +0000 2018,0.16,0.84,0.0,@CBSNews  The fact you chose to ignore the biological attack on the Pentagon in your headlines and lead story but i‚Ä¶ https://t.co/pEM6Qlfk0d,0,31,@CBSNews
0.0,Tue Oct 02 22:36:39 +0000 2018,0.0,1.0,0.0,@SebGorka @DNC @CNN @MSNBC @CBSNews @nytimes @washingtonpost @HuffPost @thedailybeast @politico @NPR @jaketapper‚Ä¶ https://t.co/WoouYFpSZb,0,32,@CBSNews
0.4215,Tue Oct 02 22:36:38 +0000 2018,0.185,0.403,0.411,@CBSNews Hope that trap is still ok ..,0,33,@CBSNews
-0.6498,Tue Oct 02 22:36:34 +0000 2018,0.193,0.807,0.0,"@NBCNightlyNews  If throwing ice is a bar brawl, you Fakers are really a bunch o DUMB asses. For dRat Networks @ABC‚Ä¶ https://t.co/KaUsox0sxL",0,34,@CBSNews
-0.4404,Tue Oct 02 22:36:30 +0000 2018,0.127,0.873,0.0,"RT @CBSNews: FBI agent shot by booby-trapped wheelchair in home fortified with makeshift weapons, including a circular hot tub turned on it‚Ä¶",0,35,@CBSNews
-0.5413,Tue Oct 02 22:36:27 +0000 2018,0.189,0.811,0.0,"RT @CBSNews: President Trump: ""This is a very scary time for young men in America."" https://t.co/2OuJNNlUgf https://t.co/PjzGbqeC3s",0,36,@CBSNews
-0.6289,Tue Oct 02 22:36:26 +0000 2018,0.805,0.195,0.0,@CBSNews WTH,0,37,@CBSNews
-0.9313,Tue Oct 02 22:36:19 +0000 2018,0.381,0.619,0.0,"RT @SebGorka: From serial rapist and attempted murderer to ‚Äúthrowing ice‚Äù in just 14 days. 

Now all the World knows you are a lying append‚Ä¶",0,38,@CBSNews
0.836,Tue Oct 02 22:36:16 +0000 2018,0.0,0.628,0.372,@officialanyaaa @CBSNews Trump is a good person. He wants to help our country become strong again economically and‚Ä¶ https://t.co/KU8o7Cosn2,0,39,@CBSNews
0.8316,Tue Oct 02 22:36:15 +0000 2018,0.0,0.671,0.329,@drboylecj @CBSNews I hope you want your daughter to know that the type of guy you respect says things like ‚Äúgrab em by the p-‚Äú,0,40,@CBSNews
-0.4404,Tue Oct 02 22:36:14 +0000 2018,0.127,0.873,0.0,"RT @CBSNews: FBI agent shot by booby-trapped wheelchair in home fortified with makeshift weapons, including a circular hot tub turned on it‚Ä¶",0,41,@CBSNews
-0.9313,Tue Oct 02 22:36:10 +0000 2018,0.381,0.619,0.0,"RT @SebGorka: From serial rapist and attempted murderer to ‚Äúthrowing ice‚Äù in just 14 days. 

Now all the World knows you are a lying append‚Ä¶",0,42,@CBSNews
-0.4404,Tue Oct 02 22:36:01 +0000 2018,0.127,0.873,0.0,"RT @CBSNews: FBI agent shot by booby-trapped wheelchair in home fortified with makeshift weapons, including a circular hot tub turned on it‚Ä¶",0,43,@CBSNews
-0.4404,Tue Oct 02 22:35:54 +0000 2018,0.127,0.873,0.0,"RT @CBSNews: FBI agent shot by booby-trapped wheelchair in home fortified with makeshift weapons, including a circular hot tub turned on it‚Ä¶",0,44,@CBSNews
0.0,Tue Oct 02 22:35:47 +0000 2018,0.0,1.0,0.0,@realDonoIdTromp @AntiTrumpCircus @realDonaldTrump @GOP @SenateGOP @HouseGOP @WhiteHouse @VP @FLOTUS @IvankaTrump‚Ä¶ https://t.co/sHQkCfTNpd,0,45,@CBSNews
0.0,Tue Oct 02 22:35:43 +0000 2018,0.0,1.0,0.0,@CBSNews What about young women?,0,46,@CBSNews
-0.4019,Tue Oct 02 22:35:39 +0000 2018,0.124,0.876,0.0,"RT @CBSNews: As tensions between the Trump administration and the press continue, the president sparred with ABC correspondent Cecilia Vega‚Ä¶",0,47,@CBSNews
-0.875,Tue Oct 02 22:35:37 +0000 2018,0.73,0.132,0.138,@CBSNews God I hate hate hate Republicans,0,48,@CBSNews
0.0,Tue Oct 02 22:35:33 +0000 2018,0.0,1.0,0.0,RT @BenjiQ123: @KrisParonto @CeciliaVega @CNN @MSNBC @ABC @nytimes @washingtonpost @CBSNews @CeciliaVega is human garbage.,0,49,@CBSNews
0.0,Tue Oct 02 22:35:33 +0000 2018,0.0,1.0,0.0,@realDonoIdTromp @AntiTrumpCircus @realDonaldTrump @GOP @SenateGOP @HouseGOP @WhiteHouse @VP @FLOTUS @IvankaTrump‚Ä¶ https://t.co/jtcIZD8X1B,0,50,@CBSNews
0.0,Tue Oct 02 22:35:32 +0000 2018,0.0,1.0,0.0,"@retiremanny @CBSNews @SenJoniErnst Time to move on because even though it was a skeezy thing to do, it was done wi‚Ä¶ https://t.co/4OctYxrN85",0,51,@CBSNews
-0.7644,Tue Oct 02 22:35:31 +0000 2018,0.32,0.68,0.0,@CBSNews Eastern Kentucky Corruption! Harlan Co. Monticello Banking Company Fake Mortgages Escrow Account Stolen Un‚Ä¶ https://t.co/IMcT4HjdnI,0,52,@CBSNews
-0.4404,Tue Oct 02 22:35:29 +0000 2018,0.127,0.873,0.0,"RT @CBSNews: FBI agent shot by booby-trapped wheelchair in home fortified with makeshift weapons, including a circular hot tub turned on it‚Ä¶",0,53,@CBSNews
0.1531,Tue Oct 02 22:35:26 +0000 2018,0.109,0.747,0.144,@JustinMoore64 @emerson_giraffe @pdc2k6 @ontheupside @CBSNews @POTUS People like Justin keep demanding the moral hi‚Ä¶ https://t.co/smiKmg4eDr,0,54,@CBSNews
-0.296,Tue Oct 02 22:35:26 +0000 2018,0.104,0.896,0.0,"RT @derekahunter: It's also telling that no one, not one ""reporter"" from the @nytimes, @washingtonpost, @CNN @NBCNews, @ABC, @CBSNews, @MSN‚Ä¶",0,55,@CBSNews
-0.9313,Tue Oct 02 22:35:22 +0000 2018,0.381,0.619,0.0,"RT @SebGorka: From serial rapist and attempted murderer to ‚Äúthrowing ice‚Äù in just 14 days. 

Now all the World knows you are a lying append‚Ä¶",0,56,@CBSNews
-0.9313,Tue Oct 02 22:35:19 +0000 2018,0.381,0.619,0.0,"RT @SebGorka: From serial rapist and attempted murderer to ‚Äúthrowing ice‚Äù in just 14 days. 

Now all the World knows you are a lying append‚Ä¶",0,57,@CBSNews
-0.4404,Tue Oct 02 22:35:14 +0000 2018,0.127,0.873,0.0,"RT @CBSNews: FBI agent shot by booby-trapped wheelchair in home fortified with makeshift weapons, including a circular hot tub turned on it‚Ä¶",0,58,@CBSNews
-0.9313,Tue Oct 02 22:35:09 +0000 2018,0.381,0.619,0.0,"RT @SebGorka: From serial rapist and attempted murderer to ‚Äúthrowing ice‚Äù in just 14 days. 

Now all the World knows you are a lying append‚Ä¶",0,59,@CBSNews
0.0,Tue Oct 02 22:35:08 +0000 2018,0.0,1.0,0.0,@realDonoIdTromp @AntiTrumpCircus @realDonaldTrump @GOP @SenateGOP @HouseGOP @WhiteHouse @VP @FLOTUS @IvankaTrump‚Ä¶ https://t.co/y8jEOSkTNX,0,60,@CBSNews
-0.7351,Tue Oct 02 22:35:04 +0000 2018,0.267,0.733,0.0,@FranTownsend @jeffglor @CBSEveningNews @FBI @CBSNews Where do they keep the people they brainwash to do their fake attack 's,0,61,@CBSNews
0.0,Tue Oct 02 22:35:02 +0000 2018,0.0,1.0,0.0,@drboylecj @CBSNews I think I understand what he was trying to say about those countries but the way he said it was‚Ä¶ https://t.co/qrpNDakULK,0,62,@CBSNews
0.7351,Tue Oct 02 22:34:59 +0000 2018,0.0,0.78,0.22,"RT @CBSNews: If Mark Hamill gets his way, President Trump's Hollywood Walk of Fame star could be replaced with one honoring late ""Star Wars‚Ä¶",0,63,@CBSNews
-0.9313,Tue Oct 02 22:34:55 +0000 2018,0.381,0.619,0.0,"RT @SebGorka: From serial rapist and attempted murderer to ‚Äúthrowing ice‚Äù in just 14 days. 

Now all the World knows you are a lying append‚Ä¶",0,64,@CBSNews
0.5719,Tue Oct 02 22:34:52 +0000 2018,0.0,0.802,0.198,RT @rosevine3: #TuesdayThoughts @TheDemocrats &amp; @MSM don‚Äôt like him because he beat their candidate in #2016Election but it sure looks like‚Ä¶,0,65,@CBSNews
0.0,Tue Oct 02 22:34:51 +0000 2018,0.0,1.0,0.0,Where is the int'l community? Aren't these consequences of Independence by joining? Is @Elysee @EmmanuelMacron‚Ä¶ https://t.co/EU8SpECpHM,0,66,@CBSNews
-0.4404,Tue Oct 02 22:34:50 +0000 2018,0.127,0.873,0.0,"RT @CBSNews: FBI agent shot by booby-trapped wheelchair in home fortified with makeshift weapons, including a circular hot tub turned on it‚Ä¶",0,67,@CBSNews
0.0,Tue Oct 02 22:34:38 +0000 2018,0.0,1.0,0.0,@CBSNews People you're being pimped by Flake. He will vote for Kavanaugh &amp; he's using this momentum/incident for his presidential bid,0,68,@CBSNews
-0.296,Tue Oct 02 22:34:36 +0000 2018,0.196,0.804,0.0,@officialanyaaa @CBSNews You‚Äôre asking for ‚Äúplease don‚Äôt ever offend anyone.‚Äù,0,69,@CBSNews
-0.6808,Tue Oct 02 22:34:33 +0000 2018,0.315,0.685,0.0,@CBSNews What the hell is in the water in Maricopa County?,0,70,@CBSNews
0.0,Tue Oct 02 22:34:28 +0000 2018,0.0,1.0,0.0,@RonanFarrow @DNC @KamalaHarris @MichaelAvenatti @MSNBC @tedlieu @CNN @CBSNews @ABCPolitics @nytimes @NPR @ABC‚Ä¶ https://t.co/VvRDrh6FuL,0,71,@CBSNews
0.6258,Tue Oct 02 22:34:19 +0000 2018,0.0,0.758,0.242,@officialanyaaa @CBSNews You‚Äôre not asking for a little niceness. You and/or others are asking for ALWAYS nice and‚Ä¶ https://t.co/BHmGHelQEM,0,72,@CBSNews
-0.4939,Tue Oct 02 22:34:14 +0000 2018,0.186,0.814,0.0,RT @CBSNews: Hundreds of guns stolen from Tennessee UPS facility recovered outside Chicago https://t.co/7hKrdb3Dny https://t.co/dzzIQFIgTR,0,73,@CBSNews
-0.34,Tue Oct 02 22:34:14 +0000 2018,0.179,0.821,0.0,@CBSNews How long did y‚Äôall wait before firing Moonves again? ü§î,0,74,@CBSNews
0.8126,Tue Oct 02 22:34:03 +0000 2018,0.0,0.644,0.356,"Yeah, if only the greater majority of @TheDemocrats in power+in the running were just like Mr. Ojeda, yeah IF, but‚Ä¶ https://t.co/yvH97zGPm6",0,75,@CBSNews
0.1406,Tue Oct 02 22:34:02 +0000 2018,0.0,0.931,0.069,"@CBSNews ,well mr Trump, youre right, and yet wrong,,  not only for young men,, but for your belowed country as ent‚Ä¶ https://t.co/kBroPhpx0n",0,76,@CBSNews
0.0,Tue Oct 02 22:33:57 +0000 2018,0.0,1.0,0.0,RT @debi420681: @CBSNews https://t.co/MsRQdYS7cu,0,77,@CBSNews
0.0,Tue Oct 02 22:33:51 +0000 2018,0.0,1.0,0.0,@realDonoIdTromp @realDonaldTrump @GOP @SenateGOP @HouseGOP @WhiteHouse @VP @FLOTUS @IvankaTrump @PressSec‚Ä¶ https://t.co/QyeWU5EOCT,0,78,@CBSNews
0.3182,Tue Oct 02 22:33:41 +0000 2018,0.0,0.839,0.161,@derekahunter @nytimes @washingtonpost @CNN @NBCNews @ABC @CBSNews @MSNBC Truth dies in MSM newsroom.,0,79,@CBSNews
0.05,Tue Oct 02 22:33:40 +0000 2018,0.134,0.722,0.144,@drboylecj @CBSNews I can‚Äôt accept them. Some people in this world are just not good people.,0,80,@CBSNews
-0.9313,Tue Oct 02 22:33:38 +0000 2018,0.381,0.619,0.0,"RT @SebGorka: From serial rapist and attempted murderer to ‚Äúthrowing ice‚Äù in just 14 days. 

Now all the World knows you are a lying append‚Ä¶",0,81,@CBSNews
-0.5413,Tue Oct 02 22:33:37 +0000 2018,0.189,0.811,0.0,"RT @CBSNews: President Trump: ""This is a very scary time for young men in America."" https://t.co/2OuJNNlUgf https://t.co/PjzGbqeC3s",0,82,@CBSNews
-0.4019,Tue Oct 02 22:33:33 +0000 2018,0.171,0.829,0.0,RT @CBSNews: POTSHOTS: Pro-marijuana protesters confronted Maryland Rep. Andy Harris outside his office over his opposition to using the dr‚Ä¶,0,83,@CBSNews
0.0,Tue Oct 02 22:33:31 +0000 2018,0.0,1.0,0.0,@MOyankeefan @ReneeHoagenson @RepHartzler @NBCNews @ABC @CBSNews @CoMissourian @MoDemParty @dccc @TYTPolitics‚Ä¶ https://t.co/AwZgw68qnC,0,84,@CBSNews
0.0,Tue Oct 02 22:33:30 +0000 2018,0.0,1.0,0.0,@CBSNews If it's normal then why did he lie about it?,0,85,@CBSNews
0.6546,Tue Oct 02 22:33:28 +0000 2018,0.0,0.739,0.261,@officialanyaaa @CBSNews Nothing is wrong with it. I want my daughter to be that way. I like to think I‚Äôm that way.‚Ä¶ https://t.co/fUTdvwcHCH,0,86,@CBSNews
-0.6369,Tue Oct 02 22:33:17 +0000 2018,0.263,0.658,0.079,"@CBSNews The important part is being considered guilty without proving anything, that's what's scary.

Do you hones‚Ä¶ https://t.co/miOmtGHrJD",0,87,@CBSNews
0.6249,Tue Oct 02 22:33:16 +0000 2018,0.0,0.812,0.188,"RT @Glink: As parents get older, the cost of their care often falls to their children who aren‚Äôt financially prepared for it #retiring #eld‚Ä¶",0,88,@CBSNews
-0.4404,Tue Oct 02 22:33:14 +0000 2018,0.127,0.873,0.0,"RT @CBSNews: FBI agent shot by booby-trapped wheelchair in home fortified with makeshift weapons, including a circular hot tub turned on it‚Ä¶",0,89,@CBSNews
-0.9313,Tue Oct 02 22:33:11 +0000 2018,0.381,0.619,0.0,"RT @SebGorka: From serial rapist and attempted murderer to ‚Äúthrowing ice‚Äù in just 14 days. 

Now all the World knows you are a lying append‚Ä¶",0,90,@CBSNews
-0.5859,Tue Oct 02 22:33:04 +0000 2018,0.291,0.615,0.094,"@CBSNews Trump‚Äôs displacing his own difficult Mueller times to young men, b/c crazy ParDon no longer has a reality‚Ä¶ https://t.co/B6FPZYCrTG",0,91,@CBSNews
0.0,Tue Oct 02 22:33:00 +0000 2018,0.0,1.0,0.0,@03_jensen @CNN @FoxNews @ABC @MSNBC @CBSNews @60Minutes I have more to report tomorrow on my Healthcare and anothe‚Ä¶ https://t.co/oJgr7biuPS,0,92,@CBSNews
-0.4404,Tue Oct 02 22:32:53 +0000 2018,0.127,0.873,0.0,"RT @CBSNews: FBI agent shot by booby-trapped wheelchair in home fortified with makeshift weapons, including a circular hot tub turned on it‚Ä¶",0,93,@CBSNews
-0.4404,Tue Oct 02 22:32:53 +0000 2018,0.127,0.873,0.0,"RT @CBSNews: FBI agent shot by booby-trapped wheelchair in home fortified with makeshift weapons, including a circular hot tub turned on it‚Ä¶",0,94,@CBSNews
0.296,Tue Oct 02 22:32:45 +0000 2018,0.0,0.864,0.136,@CBSNews The Joke around the world #Trump is known as #Pendejo In Chief #DumpTrump https://t.co/kkOjeviw5c,0,95,@CBSNews
-0.1513,Tue Oct 02 22:32:44 +0000 2018,0.191,0.658,0.152,@drboylecj @CBSNews Where did a little niceness ever become the symbol for weak?,0,96,@CBSNews
0.0,Tue Oct 02 22:32:42 +0000 2018,0.0,1.0,0.0,RT @musser_benson: @ForeclosureOz @StopFraud4 @magdasedra @ourkidz3 @nadiaskin1 @Traci36362909 @ConsiderThis1 @EdenfieldPl @truthsearch1957‚Ä¶,0,97,@CBSNews
-0.9313,Tue Oct 02 22:32:35 +0000 2018,0.381,0.619,0.0,"RT @SebGorka: From serial rapist and attempted murderer to ‚Äúthrowing ice‚Äù in just 14 days. 

Now all the World knows you are a lying append‚Ä¶",0,98,@CBSNews
0.0,Tue Oct 02 22:32:35 +0000 2018,0.0,1.0,0.0,@CBSNews Scarier because of the old men in Congress and tRump‚Äôs administration.,0,99,@CBSNews
0.0,Tue Oct 02 22:38:45 +0000 2018,0.0,1.0,0.0,RT @CNN: Brazilian surfer Maya Gabeira just set a new Guinness World Record for the largest wave ever surfed by a woman https://t.co/PyM5z4‚Ä¶,0,0,@CNN
0.0772,Tue Oct 02 22:38:43 +0000 2018,0.0,0.939,0.061,RT @IngrahamAngle: Now @CNN doing a report claiming that the indigenous people in a remote village in Alaska don‚Äôt want #Kavanaugh on #SCOT‚Ä¶,0,1,@CNN
0.4939,Tue Oct 02 22:38:43 +0000 2018,0.0,0.814,0.186,@CNN @CNNOpinion Newsflash;Victims need to answer questions. This prosecutor has spent years successfully prosecuti‚Ä¶ https://t.co/Afh63Ux9Pe,0,2,@CNN
0.4019,Tue Oct 02 22:38:43 +0000 2018,0.0,0.787,0.213,"RT @CNN: Microsoft unveils new Surface devices, smart headphones https://t.co/X8tcUUUk5v https://t.co/6sPQGiBGaG",0,3,@CNN
0.0,Tue Oct 02 22:38:42 +0000 2018,0.0,1.0,0.0,@MarcLaw76052942 @charmaine_true @ChoculaCountess @bobtonysmith @SilSterinPensel @CeciliaVega @CNN And I think he h‚Ä¶ https://t.co/B538HX5QEw,0,4,@CNN
-0.8783,Tue Oct 02 22:38:40 +0000 2018,0.315,0.685,0.0,"RT @anne_stephen5: Too bad the media had been so obsessed with ""her e-mails"". They could have spared us all this misery. @CNN @MSNBC @ABC @‚Ä¶",0,5,@CNN
-0.3182,Tue Oct 02 22:38:39 +0000 2018,0.113,0.887,0.0,"RT @CNN: Rachel Mitchell did sex-crime victims a disservice | By Elie Honig, a former federal and state prosecutor, via @CNNOpinion https:/‚Ä¶",0,6,@CNN
0.7003,Tue Oct 02 22:38:38 +0000 2018,0.0,0.764,0.236,RT @CNN: Sen. Bernie Sanders praises Jeff Bezos after Amazon announced it is raising its minimum wage at both Amazon and Whole Foods to $15‚Ä¶,0,7,@CNN
0.0,Tue Oct 02 22:38:38 +0000 2018,0.0,1.0,0.0,RT @CNN: Brazilian surfer Maya Gabeira just set a new Guinness World Record for the largest wave ever surfed by a woman https://t.co/PyM5z4‚Ä¶,0,8,@CNN
-0.4939,Tue Oct 02 22:38:38 +0000 2018,0.167,0.833,0.0,@GeorgeTakei @ReiswigR #CentralParkFive the real scary time for black youth.. under 17 years old wrongfully accused‚Ä¶ https://t.co/rpLVl5VECN,0,9,@CNN
0.6597,Tue Oct 02 22:38:37 +0000 2018,0.0,0.795,0.205,"RT @GayRepublicSwag: ‚ÄúIf you don‚Äôt like me working with Trump to make the world a better place, I don‚Äôt give a shit‚Äù - Lindsey Graham on @C‚Ä¶",0,10,@CNN
-0.4939,Tue Oct 02 22:38:37 +0000 2018,0.144,0.856,0.0,"@CNN Ford‚Äôs credibility diminishes with each passing hour. When an accuser comes out of left field, does damage, an‚Ä¶ https://t.co/bLvYg8LFj0",0,11,@CNN
0.7717,Tue Oct 02 22:38:34 +0000 2018,0.0,0.782,0.218,"RT @TSearcaigh: The best way to get rid of @FoxNews is to quit treating it like a news station.

That means @MSNBC and @CNN, etc. all need‚Ä¶",0,12,@CNN
-0.5962,Tue Oct 02 22:38:34 +0000 2018,0.169,0.831,0.0,@TheLeadCNN @CNN @JohnKerry And that folks is coming from a traitor!!! Kerry is scum and a coward look at his milit‚Ä¶ https://t.co/DTIb2eoW6V,0,13,@CNN
0.0,Tue Oct 02 22:38:33 +0000 2018,0.0,1.0,0.0,@412Just @TimWheat8 @LauraLoomer @CNN I‚Äôm saying when they have a FBI investigation they go back to the day you wer‚Ä¶ https://t.co/CKLU8y51td,0,14,@CNN
0.0,Tue Oct 02 22:38:33 +0000 2018,0.0,1.0,0.0,"RT @KAGer2020: QUESTION TO @TheJuanWilliams @CNN AND  THE #Demonrats #DemocratsAreCancer :
IF SOMEONE WITH A DARK PAST WHO DRANK AND SMOKED‚Ä¶",0,15,@CNN
-0.128,Tue Oct 02 22:38:33 +0000 2018,0.082,0.854,0.064,"@CNN I didn't even have to see the originator of this tweet to recognize the fine journalistic work of @CNN.

You guys are nuts. All of you.",0,16,@CNN
-0.9313,Tue Oct 02 22:38:31 +0000 2018,0.381,0.619,0.0,"RT @SebGorka: From serial rapist and attempted murderer to ‚Äúthrowing ice‚Äù in just 14 days. 

Now all the World knows you are a lying append‚Ä¶",0,17,@CNN
-0.3595,Tue Oct 02 22:38:31 +0000 2018,0.116,0.884,0.0,@sahilkapur @CNN We keep up the pressure. VOLUNTEER. DONATE. VOTE. Not someone else. You. And you. And you. And me!,0,18,@CNN
0.8825,Tue Oct 02 22:38:30 +0000 2018,0.0,0.637,0.363,@TheLeadCNN @CNN Wow. Trump was capable of convincing his father of completing shady deals at the age of 8!!!!!! Un‚Ä¶ https://t.co/8JzvziMCJJ,0,19,@CNN
-0.4404,Tue Oct 02 22:38:28 +0000 2018,0.367,0.633,0.0,@CNN Scandal cooked up by democrats.,0,20,@CNN
0.0,Tue Oct 02 22:38:28 +0000 2018,0.0,1.0,0.0,"RT @pj_hurt: üõëtheüé™

OUR üá∫üá∏PRESIDENT.......
@realDonaldTrumpüá∫üá∏....

Is SO FedUp with all of the FAKENEWS @ABC @CNN
@CBS @MBN @nbc.....

If t‚Ä¶",0,21,@CNN
0.0,Tue Oct 02 22:38:25 +0000 2018,0.0,1.0,0.0,"RT @_ImperatorRex_: @CNN New liberal rule:

'Every 20 year old involved in a bar altercation, can never be considered as a judge on SCOTUS,‚Ä¶",0,22,@CNN
0.7964,Tue Oct 02 22:38:25 +0000 2018,0.0,0.701,0.299,"RT @FiveRights: .@CNN
When can I expect your one-hour special on President Trump's success in growing the US economy at 4.3% annually, 2 1/‚Ä¶",0,23,@CNN
0.5562,Tue Oct 02 22:38:25 +0000 2018,0.063,0.658,0.279,@PolitiSmerk @Strandjunker @CNN Seriously! #Kamala is cool and smart and impressive but letting this man's bank get‚Ä¶ https://t.co/58HvfxtcKc,0,24,@CNN
-0.4404,Tue Oct 02 22:38:25 +0000 2018,0.104,0.896,0.0,"RT @CNN: Donte Palmer isn't the only dad who's had to squat on a dirty restroom floor to change his baby's diaper.

He's just the newest fa‚Ä¶",0,25,@CNN
-0.4215,Tue Oct 02 22:38:24 +0000 2018,0.109,0.891,0.0,RT @BrianKarem: POTUS on South Lawn denies ever trying alcohol. My question: ‚ÄúDid you ever try anything else?‚Äù He point d his finger at me‚Ä¶,0,26,@CNN
-0.5859,Tue Oct 02 22:38:21 +0000 2018,0.192,0.808,0.0,"New York Times investigation: Trump helped his parents evade taxes, 'including instances of outright fraud' @CNN https://t.co/WPulcp5n6j",0,27,@CNN
-0.296,Tue Oct 02 22:38:20 +0000 2018,0.167,0.833,0.0,@SenatorCollins @lisamurkowski @JeffFlake @Sen_JoeManchin @SenatorHeitkamp @SenBobCorker No FBI invest'n tht EXclud‚Ä¶ https://t.co/buqTOcEQ1b,0,28,@CNN
0.0,Tue Oct 02 22:38:20 +0000 2018,0.0,1.0,0.0,@KarenMonahan01 @cathibrgnr58 @CNN @MSNBC @FoxNews @WCCO üëçüèªüëçüèªüëçüèª,0,29,@CNN
0.5027,Tue Oct 02 22:38:19 +0000 2018,0.073,0.728,0.199,"@CNN @ChrisEvans I'm sorry, I thought we'd heard enough from privileged MEN!  Why Michael have a platform??",0,30,@CNN
0.0,Tue Oct 02 22:38:19 +0000 2018,0.0,1.0,0.0,"RT @Pat120: Wait, WHAT? Why isn't this all over @MSNBC and @CNN?! https://t.co/QiTKpIzsKZ",0,31,@CNN
-0.4404,Tue Oct 02 22:38:19 +0000 2018,0.104,0.896,0.0,"RT @CNN: Donte Palmer isn't the only dad who's had to squat on a dirty restroom floor to change his baby's diaper.

He's just the newest fa‚Ä¶",0,32,@CNN
0.5229,Tue Oct 02 22:38:18 +0000 2018,0.0,0.703,0.297,@1proudliberal @DonaldJTrumpJr @CNN @JeffreyToobin you mean like Bill did!!!,0,33,@CNN
0.0,Tue Oct 02 22:38:18 +0000 2018,0.0,1.0,0.0,"@RenataBl04 @CNN In Soviet Russia, baby changes you.",0,34,@CNN
0.4019,Tue Oct 02 22:38:18 +0000 2018,0.0,0.787,0.213,"RT @CNN: Microsoft unveils new Surface devices, smart headphones https://t.co/X8tcUUUk5v https://t.co/6sPQGiBGaG",0,35,@CNN
0.4019,Tue Oct 02 22:38:18 +0000 2018,0.0,0.838,0.162,interesting article Alexis Ohanian's VC firm raises new $225M fund https://t.co/FzfIUkZUzx via @cnn #money #advertising,0,36,@CNN
-0.8126,Tue Oct 02 22:38:18 +0000 2018,0.393,0.607,0.0,RT @davidf4444: @ShennaFoxxx @realDonaldTrump @SenatorLankford @chucktodd Irresponsible reporting should be met with criminal charges of Fr‚Ä¶,0,37,@CNN
0.2263,Tue Oct 02 22:38:16 +0000 2018,0.116,0.734,0.151,"RT @DonaldJTrumpJr: What's actual garbage is a partisan liberal hack who masquerades as a journalist on @CNN, attacking me for loving &amp; car‚Ä¶",0,38,@CNN
0.0,Tue Oct 02 22:38:15 +0000 2018,0.0,1.0,0.0,"RT @pj_hurt: üõëtheüé™

OUR üá∫üá∏PRESIDENT.......
@realDonaldTrumpüá∫üá∏....

Is SO FedUp with all of the FAKENEWS @ABC @CNN
@CBS @MBN @nbc.....

If t‚Ä¶",0,39,@CNN
0.4912,Tue Oct 02 22:38:11 +0000 2018,0.0,0.85,0.15,"RT @willchamberlain: Hi @JeffreyToobin!

Bold move going after Kavanaugh for 36-year-old allegations!

Especially when ten years ago you ch‚Ä¶",0,40,@CNN
0.4019,Tue Oct 02 22:38:11 +0000 2018,0.0,0.769,0.231,@CNN Interesting men of color have always felt this way.,0,41,@CNN
0.0,Tue Oct 02 22:38:10 +0000 2018,0.0,1.0,0.0,"@TrumpGirlStrong @xformed @CNN I wouldn‚Äôt watch CNN, EVEN IF THERE WASNT ANY OTHER CHANNEL TO WATCH. If I were too‚Ä¶ https://t.co/FP3rZpd3Xy",0,42,@CNN
0.0,Tue Oct 02 22:38:10 +0000 2018,0.0,1.0,0.0,2 the individuals (I‚Äôll keep their names private) who submitted affidavits &amp; have been interviewed by the FBI have‚Ä¶ https://t.co/IWCDQ6betR,0,43,@CNN
-0.6369,Tue Oct 02 22:38:07 +0000 2018,0.154,0.846,0.0,RT @KarenMonahan01: I am willing to sit in the same TV studio as Keith Ellison and have a civil conversation regarding the abuse on live TV‚Ä¶,0,44,@CNN
0.25,Tue Oct 02 22:38:06 +0000 2018,0.0,0.857,0.143,@TSearcaigh @FoxNews @MSNBC @CNN Now let‚Äôs try to convince them to do this.,0,45,@CNN
-0.6369,Tue Oct 02 22:38:04 +0000 2018,0.154,0.846,0.0,RT @KarenMonahan01: I am willing to sit in the same TV studio as Keith Ellison and have a civil conversation regarding the abuse on live TV‚Ä¶,0,46,@CNN
0.2824,Tue Oct 02 22:38:04 +0000 2018,0.083,0.754,0.164,RT @KrisParonto: . @CeciliaVega excuse you??? No you don‚Äôt think or you wouldn‚Äôt try to hijack the President‚Äôs talk. You looked like the ty‚Ä¶,0,47,@CNN
-0.296,Tue Oct 02 22:38:03 +0000 2018,0.423,0.577,0.0,"@Strandjunker @CNN Um, no.",0,48,@CNN
0.0,Tue Oct 02 22:38:02 +0000 2018,0.0,1.0,0.0,"@TheLeadCNN @CNN @JohnKerry You don‚Äôt speak for most Americans. You‚Äôre talking behind our governments back to Iran,‚Ä¶ https://t.co/w0jQU27UzP",0,49,@CNN
0.0,Tue Oct 02 22:38:01 +0000 2018,0.0,1.0,0.0,"@DonaldJTrumpJr @CNN @JeffreyToobin What's scarier is that this guy is a ""law professor"" teaching future students w‚Ä¶ https://t.co/A1AJNJqWUR",0,50,@CNN
0.0,Tue Oct 02 22:38:01 +0000 2018,0.0,1.0,0.0,@RoadMN @SteveHiltonx @benshaprio @SundayFutures @MariaBartiromo @edhenry @MediaBuzzFNC @HowardKurtz @foxandfriends‚Ä¶ https://t.co/RPBp89TsnP,0,51,@CNN
-0.3182,Tue Oct 02 22:38:01 +0000 2018,0.113,0.887,0.0,"RT @CNN: Rachel Mitchell did sex-crime victims a disservice | By Elie Honig, a former federal and state prosecutor, via @CNNOpinion https:/‚Ä¶",0,52,@CNN
0.0,Tue Oct 02 22:38:01 +0000 2018,0.0,1.0,0.0,RT @BrianKarem: POTUS corrects the record to reflect he said ‚Äúthinking‚Äù instead of ‚Äúthanking‚Äù ‚Å¶@realDonaldTrump‚Å© @CeciliaVega @NewDay @CNN‚Ä¶,0,53,@CNN
0.7964,Tue Oct 02 22:38:01 +0000 2018,0.0,0.701,0.299,"RT @FiveRights: .@CNN
When can I expect your one-hour special on President Trump's success in growing the US economy at 4.3% annually, 2 1/‚Ä¶",0,54,@CNN
0.2263,Tue Oct 02 22:38:00 +0000 2018,0.116,0.734,0.151,"RT @DonaldJTrumpJr: What's actual garbage is a partisan liberal hack who masquerades as a journalist on @CNN, attacking me for loving &amp; car‚Ä¶",0,55,@CNN
-0.5423,Tue Oct 02 22:37:59 +0000 2018,0.282,0.592,0.125,RT @CNN: The Supreme Court has refused to block former supermodel Janice Dickinson's defamation case against disgraced comic legend Bill Co‚Ä¶,0,56,@CNN
-0.5106,Tue Oct 02 22:37:56 +0000 2018,0.268,0.732,0.0,White House corrects transcript to reflect Trump's insult @CNN https://t.co/7XL8BRuozO,0,57,@CNN
0.6597,Tue Oct 02 22:37:56 +0000 2018,0.0,0.795,0.205,"RT @GayRepublicSwag: ‚ÄúIf you don‚Äôt like me working with Trump to make the world a better place, I don‚Äôt give a shit‚Äù - Lindsey Graham on @C‚Ä¶",0,58,@CNN
-0.8097,Tue Oct 02 22:37:56 +0000 2018,0.302,0.698,0.0,"@CNN @realDonaldTrump Scary time for men?! Really?! It has always been a scary time for women. You, Trumpf, couldn'‚Ä¶ https://t.co/jCiiRQJF5O",0,59,@CNN
0.0,Tue Oct 02 22:37:55 +0000 2018,0.0,1.0,0.0,@CNN CENTRAL PARK FIVE,0,60,@CNN
0.4912,Tue Oct 02 22:37:55 +0000 2018,0.0,0.85,0.15,"RT @willchamberlain: Hi @JeffreyToobin!

Bold move going after Kavanaugh for 36-year-old allegations!

Especially when ten years ago you ch‚Ä¶",0,61,@CNN
0.2263,Tue Oct 02 22:37:54 +0000 2018,0.116,0.734,0.151,"RT @DonaldJTrumpJr: What's actual garbage is a partisan liberal hack who masquerades as a journalist on @CNN, attacking me for loving &amp; car‚Ä¶",0,62,@CNN
0.2263,Tue Oct 02 22:37:54 +0000 2018,0.116,0.734,0.151,"RT @DonaldJTrumpJr: What's actual garbage is a partisan liberal hack who masquerades as a journalist on @CNN, attacking me for loving &amp; car‚Ä¶",0,63,@CNN
0.4019,Tue Oct 02 22:37:53 +0000 2018,0.0,0.787,0.213,"RT @CNN: Microsoft unveils new Surface devices, smart headphones https://t.co/X8tcUUUk5v https://t.co/6sPQGiBGaG",0,64,@CNN
0.0,Tue Oct 02 22:37:53 +0000 2018,0.0,1.0,0.0,@AlisonR61423986 @gentlemindmom @LockeShiny @robinandriver @SkiBuni @Thedude67111 @impinkestgirl @DavidGr78574965‚Ä¶ https://t.co/I2k7CYUBCZ,0,65,@CNN
0.0,Tue Oct 02 22:37:52 +0000 2018,0.0,1.0,0.0,@jonswaine @jaketapper @MZHemingway this absurdity of information all of the sudden appearing continues to decrease credibility @CNN,0,66,@CNN
0.0,Tue Oct 02 22:37:52 +0000 2018,0.0,1.0,0.0,@CerebralGURL @DonaldJTrumpJr @CNN @JeffreyToobin Yepüí£,0,67,@CNN
-0.296,Tue Oct 02 22:37:50 +0000 2018,0.115,0.885,0.0,@DonaldJTrumpJr @CNN @JeffreyToobin Junior.....  go back to your man cave and stop letting people see how incredibl‚Ä¶ https://t.co/m6V0j8jUrg,0,68,@CNN
-0.5267,Tue Oct 02 22:37:50 +0000 2018,0.134,0.866,0.0,"RT @CNN: Kyle Freeny and Brandon Van Grack, two prosecutors who worked on Paul Manafort's criminal cases, are ending their tenure working f‚Ä¶",0,69,@CNN
0.6486,Tue Oct 02 22:37:50 +0000 2018,0.0,0.717,0.283,"@maddow @MSNBC @CNN yes, please focus on reporting FACTS and not the BS you want us to believe https://t.co/OBjT16sIi2",0,70,@CNN
0.0,Tue Oct 02 22:37:48 +0000 2018,0.0,1.0,0.0,"@CNN Soooo, was it blue or pink?",0,71,@CNN
0.2263,Tue Oct 02 22:37:48 +0000 2018,0.116,0.734,0.151,"RT @DonaldJTrumpJr: What's actual garbage is a partisan liberal hack who masquerades as a journalist on @CNN, attacking me for loving &amp; car‚Ä¶",0,72,@CNN
-0.34,Tue Oct 02 22:37:48 +0000 2018,0.094,0.906,0.0,RT @Dr_Joe_Sanders: now we need to arrest the leaders and those who stood down  in doing so they facilitated these deaths  under usc title‚Ä¶,0,73,@CNN
0.0,Tue Oct 02 22:37:47 +0000 2018,0.0,1.0,0.0,Again @NBCNews @USATODAY and the thing known as Mockingbird Media @CNN https://t.co/MifkVQQn4P. @realDonaldTrump en‚Ä¶ https://t.co/Le9OxoeHpp,0,74,@CNN
0.2263,Tue Oct 02 22:37:45 +0000 2018,0.116,0.734,0.151,"RT @DonaldJTrumpJr: What's actual garbage is a partisan liberal hack who masquerades as a journalist on @CNN, attacking me for loving &amp; car‚Ä¶",0,75,@CNN
-0.1027,Tue Oct 02 22:37:44 +0000 2018,0.392,0.27,0.338,@CNN Like at Treason?,0,76,@CNN
-0.7845,Tue Oct 02 22:37:44 +0000 2018,0.378,0.622,0.0,RT @gayright: There is no bigger ‚Äúoutright fraud‚Äù than lowest ratings @wolfblitzer and fake news @CNN.,0,77,@CNN
-0.3612,Tue Oct 02 22:37:43 +0000 2018,0.116,0.83,0.054,"RT @counterchekist: @CNN Being ‚Äúvery scared‚Äù of your actions b/c you are guilty of committing them, is called common sense. 

Your projecti‚Ä¶",0,78,@CNN
0.4588,Tue Oct 02 22:37:43 +0000 2018,0.0,0.733,0.267,"@CNN legal analyst goes rogue, stunningly supports confirmation of #Kavanaugh, slams @SenateDems 
https://t.co/3466gHhZe6",0,79,@CNN
0.7964,Tue Oct 02 22:37:42 +0000 2018,0.0,0.738,0.262,"RT @CNN: President Trump expressed guarded optimism his Supreme Court nominee Brett Kavanaugh will soon be confirmed, even as he grows more‚Ä¶",0,80,@CNN
0.0,Tue Oct 02 22:37:42 +0000 2018,0.0,1.0,0.0,"RT @CNN: President Trump received today's equivalent of at least $413 million from his father, according to an analysis from The New York T‚Ä¶",0,81,@CNN
-0.7184,Tue Oct 02 22:37:41 +0000 2018,0.273,0.727,0.0,"@CNNPolitics ü§Æü§Æü§Æü§Æ Come on, @CNN 
@SenSchumer is a freaking lunatic.  Does anyone actually believe this vote has ‚Äúno‚Ä¶ https://t.co/brL5Sr8RZy",0,82,@CNN
-0.7269,Tue Oct 02 22:37:40 +0000 2018,0.234,0.766,0.0,"@CNN CNN, you‚Äôre total desperation is beyond the pale. Shame on you for trying to defame Judge Kavanaugh over and a‚Ä¶ https://t.co/AY511hptcX",0,83,@CNN
0.765,Tue Oct 02 22:37:40 +0000 2018,0.0,0.732,0.268,RT @phumzileunwomen: Congratulations to Donna Strickland for receiving the #NobelPrize in Physics. This has been awarded to a woman for the‚Ä¶,0,84,@CNN
0.0,Tue Oct 02 22:37:40 +0000 2018,0.0,1.0,0.0,"RT @CNN: These satellite images show how entire neighborhoods, and even a bridge, were wiped away in Friday's deadly earthquake and tsunami‚Ä¶",0,85,@CNN
0.4912,Tue Oct 02 22:37:40 +0000 2018,0.0,0.85,0.15,"RT @willchamberlain: Hi @JeffreyToobin!

Bold move going after Kavanaugh for 36-year-old allegations!

Especially when ten years ago you ch‚Ä¶",0,86,@CNN
0.2263,Tue Oct 02 22:37:39 +0000 2018,0.116,0.734,0.151,"RT @DonaldJTrumpJr: What's actual garbage is a partisan liberal hack who masquerades as a journalist on @CNN, attacking me for loving &amp; car‚Ä¶",0,87,@CNN
0.0,Tue Oct 02 22:37:39 +0000 2018,0.0,1.0,0.0,@_CFJ_ @mike_pence @Delo_Taylor @marclamonthill @JoyAnnReid @donlemon @NAACP @BET @OfficialCBC @Kaepernick7‚Ä¶ https://t.co/K8QvwoNVJ6,0,88,@CNN
0.0,Tue Oct 02 22:37:39 +0000 2018,0.0,1.0,0.0,"RT @sunnyrinker: Liberal Democrat Yale classmate on @ChrisCuomo @CNN last night said ""if glass had ice in it, it must have contained alcoho‚Ä¶",0,89,@CNN
0.0,Tue Oct 02 22:37:37 +0000 2018,0.0,1.0,0.0,"RT @KAGer2020: QUESTION TO @TheJuanWilliams @CNN AND  THE #Demonrats #DemocratsAreCancer :
IF SOMEONE WITH A DARK PAST WHO DRANK AND SMOKED‚Ä¶",0,90,@CNN
-0.0258,Tue Oct 02 22:37:36 +0000 2018,0.264,0.48,0.256,@IngrahamAngle @CNN amazed at anyone watches these frauds,0,91,@CNN
0.0,Tue Oct 02 22:37:35 +0000 2018,0.0,1.0,0.0,@CNN Do they still have the evidence? https://t.co/92LK5hnDAt,0,92,@CNN
0.0,Tue Oct 02 22:37:35 +0000 2018,0.0,1.0,0.0,"RT @KAGer2020: QUESTION TO @TheJuanWilliams @CNN AND  THE #Demonrats #DemocratsAreCancer :
IF SOMEONE WITH A DARK PAST WHO DRANK AND SMOKED‚Ä¶",0,93,@CNN
0.3182,Tue Oct 02 22:37:34 +0000 2018,0.0,0.901,0.099,@IngrahamAngle @CNN For someone who claims to be so far ahead in the ratings you sure do post constantly about what‚Ä¶ https://t.co/Ky7Y4Q3A9w,0,94,@CNN
0.0,Tue Oct 02 22:37:34 +0000 2018,0.0,1.0,0.0,@SaulJim97906972 @SithLordFelix @Peacock68 @jamiecollins11 @CNN @CNNOpinion Christine Blasey Ford was 15. Don't tel‚Ä¶ https://t.co/NJKvnuzEdW,0,95,@CNN
-0.7841,Tue Oct 02 22:37:33 +0000 2018,0.315,0.685,0.0,".@cnn's @wolfblitzer is implying, in a very shitty way, that @realDonaldTrump is a tax cheat. @SenAngusKing is NOT‚Ä¶ https://t.co/UEIoBnAls6",0,96,@CNN
0.4019,Tue Oct 02 22:37:33 +0000 2018,0.0,0.787,0.213,"Border patrol agent's gender reveal party ignited a 47,000-acre wildfire  @CNN https://t.co/XdFD3lvP73",0,97,@CNN
0.4912,Tue Oct 02 22:37:33 +0000 2018,0.0,0.85,0.15,"RT @willchamberlain: Hi @JeffreyToobin!

Bold move going after Kavanaugh for 36-year-old allegations!

Especially when ten years ago you ch‚Ä¶",0,98,@CNN
0.0,Tue Oct 02 22:37:32 +0000 2018,0.0,1.0,0.0,"RT @CNN: President Trump received today's equivalent of at least $413 million from his father, according to an analysis from The New York T‚Ä¶",0,99,@CNN
-0.5423,Tue Oct 02 22:38:45 +0000 2018,0.171,0.829,0.0,"@ShepNewsTeam @FoxNews Shep stay with bad weather stories,animal stories this is why your not on at prime time",0,0,@FoxNews
0.0,Tue Oct 02 22:38:45 +0000 2018,0.0,1.0,0.0,"RT @FoxNews: .@POTUS: ""After years of rebuilding foreign countries, we are finally rebuilding our country."" https://t.co/w7zJkrq8sb https:/‚Ä¶",0,1,@FoxNews
0.0,Tue Oct 02 22:38:45 +0000 2018,0.0,1.0,0.0,"RT @hollroch: @FoxNews so that money trump got from his father wasn't a small loan of 1mill but in actuality, over 300mill &amp; much of it was‚Ä¶",0,2,@FoxNews
0.128,Tue Oct 02 22:38:44 +0000 2018,0.0,0.909,0.091,"@FoxNews That's what happens when Fox News and Trump radicalizes militant white supremacist groups.

cc:‚Ä¶ https://t.co/0a7wP2bZG8",0,3,@FoxNews
0.0,Tue Oct 02 22:38:43 +0000 2018,0.0,1.0,0.0,@FoxNews @HillaryClinton Brett K. the right choice.,0,4,@FoxNews
-0.3818,Tue Oct 02 22:38:43 +0000 2018,0.133,0.867,0.0,"RT @FoxNews: Senator @LindseyGrahamSC sounded off on the Kavanaugh confirmation battle Tuesday, saying that ""this is bottom."" https://t.co/‚Ä¶",0,5,@FoxNews
0.128,Tue Oct 02 22:38:43 +0000 2018,0.0,0.667,0.333,@FoxNews Was it legal?,0,6,@FoxNews
0.6892,Tue Oct 02 22:38:42 +0000 2018,0.073,0.665,0.262,RT @GaetaSusan: Please tell me WHY we are hearing Chuck Schumer speak? He is 100% Partisan Hack for the Dem/Communist Party!! Please stop t‚Ä¶,0,7,@FoxNews
0.0,Tue Oct 02 22:38:41 +0000 2018,0.0,1.0,0.0,"RT @FoxNews: .@senatemajldr McConnell unloads on Senate Dems amid Kavanaugh probe: 'Their goalposts keep shifting, but their goal hasn't mo‚Ä¶",0,8,@FoxNews
0.0,Tue Oct 02 22:38:41 +0000 2018,0.0,1.0,0.0,"RT @FoxNews: JUST IN: @SecPompeo to meet with Kim Jong Un on Sunday, State Department announces https://t.co/nCxViRI6Ea https://t.co/ypVLI1‚Ä¶",0,9,@FoxNews
0.0,Tue Oct 02 22:38:40 +0000 2018,0.0,1.0,0.0,@FoxNews Four? How many more were there? It is about time the fringe on both sides that get all of the media attent‚Ä¶ https://t.co/GnwtEnR6bG,0,10,@FoxNews
-0.6597,Tue Oct 02 22:38:40 +0000 2018,0.261,0.644,0.095,@realDonaldTrump  @FoxNews  just got this in the mail haters gonna hate. Think i maybe wear it around like my neckl‚Ä¶ https://t.co/epUnrH1Koq,0,11,@FoxNews
-0.8016,Tue Oct 02 22:38:39 +0000 2018,0.891,0.109,0.0,"@FoxNews Lies, desperate lies!",0,12,@FoxNews
-0.2263,Tue Oct 02 22:38:39 +0000 2018,0.16,0.84,0.0,RT @FoxNews: Anti-Kavanaugh protesters accosting senators have ties to Soros https://t.co/bDxg9LiTbg,0,13,@FoxNews
0.0,Tue Oct 02 22:38:39 +0000 2018,0.0,1.0,0.0,@FoxNews @FBI So?,0,14,@FoxNews
-0.2263,Tue Oct 02 22:38:39 +0000 2018,0.16,0.84,0.0,RT @FoxNews: Anti-Kavanaugh protesters accosting senators have ties to Soros https://t.co/bDxg9LiTbg,0,15,@FoxNews
-0.3818,Tue Oct 02 22:38:38 +0000 2018,0.131,0.805,0.064,RT @FoxNews: Four members of a militant white supremacist group from California have been arrested in connection with the deadly 2017 Charl‚Ä¶,0,16,@FoxNews
-0.4588,Tue Oct 02 22:38:37 +0000 2018,0.152,0.779,0.07,"RT @FoxNews: .@POTUS: ‚ÄúMy whole life I‚Äôve heard, ‚Äòyou‚Äôre innocent until proven guilty,‚Äô but now you‚Äôre guilty until proven innocent.‚Äù https‚Ä¶",0,17,@FoxNews
-0.3818,Tue Oct 02 22:38:37 +0000 2018,0.131,0.805,0.064,RT @FoxNews: Four members of a militant white supremacist group from California have been arrested in connection with the deadly 2017 Charl‚Ä¶,0,18,@FoxNews
0.0,Tue Oct 02 22:38:36 +0000 2018,0.0,1.0,0.0,@skyebaby454 @TransformativeV @realDonaldTrump @POTUS @seanhannity @FoxNews #LockHerUp !‚Ä¶ https://t.co/wuApnae93V,0,19,@FoxNews
-0.2208,Tue Oct 02 22:38:36 +0000 2018,0.226,0.626,0.148,"@the_frugal_jew @NiceDaves @FoxNews LOL, you don't. Like the last idiot I just schooled, the Brietbart article is i‚Ä¶ https://t.co/YZkFJmvOmT",0,20,@FoxNews
-0.4588,Tue Oct 02 22:38:35 +0000 2018,0.152,0.779,0.07,"RT @FoxNews: .@POTUS: ‚ÄúMy whole life I‚Äôve heard, ‚Äòyou‚Äôre innocent until proven guilty,‚Äô but now you‚Äôre guilty until proven innocent.‚Äù https‚Ä¶",0,21,@FoxNews
-0.2263,Tue Oct 02 22:38:35 +0000 2018,0.16,0.84,0.0,RT @FoxNews: Anti-Kavanaugh protesters accosting senators have ties to Soros https://t.co/bDxg9LiTbg,0,22,@FoxNews
0.0,Tue Oct 02 22:38:35 +0000 2018,0.0,1.0,0.0,"@FoxNews @JMfreespeech @FBI If they don't take the vote soon, Trump will never get to nominate another Judge (that‚Ä¶ https://t.co/mgcI1XOCJ5",0,23,@FoxNews
0.0,Tue Oct 02 22:38:35 +0000 2018,0.0,1.0,0.0,@FoxNews Why of course!!!!!,0,24,@FoxNews
-0.7861,Tue Oct 02 22:38:34 +0000 2018,0.302,0.698,0.0,"RT @NonToxicCat: @FoxNews Why are you guys reporting on this nonsense instead of trumps tax fraud scheme?üôÑü§¶‚Äç‚ôÄÔ∏è
https://t.co/kJNtGjZ8c5",0,25,@FoxNews
0.0,Tue Oct 02 22:38:34 +0000 2018,0.0,1.0,0.0,"RT @HeyTammyBruce: .@FoxNews reporting ricin letter addressed to @potus intercepted yesterday, never made it into the White House.",0,26,@FoxNews
0.7717,Tue Oct 02 22:38:34 +0000 2018,0.0,0.782,0.218,"RT @TSearcaigh: The best way to get rid of @FoxNews is to quit treating it like a news station.

That means @MSNBC and @CNN, etc. all need‚Ä¶",0,27,@FoxNews
-0.0572,Tue Oct 02 22:38:33 +0000 2018,0.064,0.936,0.0,RT @perfectsliders: @BleedinOrDyin @StillKicking62 @FoxNews SOME WOMAN ON @FoxNews -  just said that most women do not want Kavanaugh confi‚Ä¶,0,28,@FoxNews
0.5859,Tue Oct 02 22:38:33 +0000 2018,0.0,0.758,0.242,@Cowboy_Kn @TexasLo4Ever @FoxNews @Alyssa_Milano Are you sure you‚Äôre not a liberal with behavior like that? ‚ÄúThey s‚Ä¶ https://t.co/QY0tRGeyCe,0,29,@FoxNews
0.5574,Tue Oct 02 22:38:33 +0000 2018,0.0,0.795,0.205,"RT @FoxNews: Houston girl, 7, proudly sings national anthem in stands at Astros game. https://t.co/8Dwn2PAS61",0,30,@FoxNews
-0.25,Tue Oct 02 22:38:33 +0000 2018,0.2,0.8,0.0,@FoxNews White supremacists in CA? Not possible. . . (Sarcasm. . .),0,31,@FoxNews
-0.2263,Tue Oct 02 22:38:32 +0000 2018,0.16,0.84,0.0,RT @FoxNews: Anti-Kavanaugh protesters accosting senators have ties to Soros https://t.co/bDxg9LiTbg,0,32,@FoxNews
0.0,Tue Oct 02 22:38:32 +0000 2018,0.0,1.0,0.0,@FoxNews Where were they radicalized?,0,33,@FoxNews
0.0,Tue Oct 02 22:38:31 +0000 2018,0.0,1.0,0.0,RT @FoxNews: Iraq tasks Shiite independent with forming new government. https://t.co/3gW2ylrofk,0,34,@FoxNews
-0.2732,Tue Oct 02 22:38:31 +0000 2018,0.156,0.736,0.108,@FoxNews FOX News should investigate and report all corrupt illegal activities that George Soros supports.  And FBI and DOJ.,0,35,@FoxNews
-0.6908,Tue Oct 02 22:38:30 +0000 2018,0.207,0.793,0.0,"RT @FoxNews: Clinton accuser Juanita Broaddrick demands FBI probe on Clinton rape claim, amid Kavanaugh furor (via @brookefoxnews) https://‚Ä¶",0,36,@FoxNews
-0.3818,Tue Oct 02 22:38:30 +0000 2018,0.131,0.805,0.064,RT @FoxNews: Four members of a militant white supremacist group from California have been arrested in connection with the deadly 2017 Charl‚Ä¶,0,37,@FoxNews
-0.3182,Tue Oct 02 22:38:29 +0000 2018,0.095,0.905,0.0,"RT @FoxNews: Sen. @LindseyGrahamSC on if Kavanaugh loses a Senate floor vote: ""I would renominate him and I would take this case to the Ame‚Ä¶",0,38,@FoxNews
0.0,Tue Oct 02 22:38:29 +0000 2018,0.0,1.0,0.0,RT @FoxNews: Iraq tasks Shiite independent with forming new government. https://t.co/3gW2ylrofk,0,39,@FoxNews
0.0,Tue Oct 02 22:38:29 +0000 2018,0.0,1.0,0.0,"@realdonaldtrump @potus @vp @foxnews @foxnewsalert @foxnewsalerts @foxheadlines 
@RepDevinNunes @DevinNunes https://t.co/O93XzHyyaK",0,40,@FoxNews
0.4019,Tue Oct 02 22:38:29 +0000 2018,0.081,0.766,0.153,Anti-Kavanaugh protesters accosting senators have ties to Soros via the @FoxNews App lock up the 1%let there rich p‚Ä¶ https://t.co/7eWiN61Y7U,0,41,@FoxNews
0.0,Tue Oct 02 22:38:29 +0000 2018,0.0,1.0,0.0,"RT @FoxNews: .@JesseBWatters: ""I'm just waiting to hear @JoeBiden, @BarackObama, @HillaryClinton &amp; @SenSanders give the president a round o‚Ä¶",0,42,@FoxNews
0.0,Tue Oct 02 22:38:29 +0000 2018,0.0,1.0,0.0,RT @LLattea: @FoxNews Yet Al Sharpton still owes millions in taxes.,0,43,@FoxNews
0.0,Tue Oct 02 22:38:28 +0000 2018,0.0,1.0,0.0,RT @FoxNews: .@RepAndyBiggsAZ: ‚ÄúI think [Rod Rosenstein] should resign.‚Äù https://t.co/9bFeg7AiXZ,0,44,@FoxNews
0.7003,Tue Oct 02 22:38:28 +0000 2018,0.0,0.791,0.209,"@FoxNews     üòÇüòÇüòÇ Sen Schumer saying Rep. have the gaul - it‚Äôs funny when Schumer says he demands
It‚Äôs all so out of control Thanks Dems",0,45,@FoxNews
0.4404,Tue Oct 02 22:38:28 +0000 2018,0.0,0.256,0.744,@FoxNews Good.,0,46,@FoxNews
0.296,Tue Oct 02 22:38:27 +0000 2018,0.116,0.67,0.214,"RT @FoxNews: .@LindseyGrahamSC on Kavanaugh confirmation battle: ""If this is the new normal, God help us all."" https://t.co/Jwo2XmnDV1",0,47,@FoxNews
-0.4215,Tue Oct 02 22:38:26 +0000 2018,0.141,0.859,0.0,"@TonyaLeeOrtega1 @LLattea @FoxNews Are you simply obtuse, you are claiming Trump is guilty and we're saying liberal‚Ä¶ https://t.co/LidGx0XXwE",0,48,@FoxNews
0.0,Tue Oct 02 22:38:26 +0000 2018,0.0,1.0,0.0,RT @newtgingrich: Joining @seanhannity live in studio tonight. Watch on @FoxNews at 9pET. https://t.co/aPAdkmgbll,0,49,@FoxNews
0.0,Tue Oct 02 22:38:26 +0000 2018,0.0,1.0,0.0,"RT @melissa5215: President Trump slams Blumenthal for claiming he served in Vietnam, when in fact, he did not! Then Blumenthal lectures Kav‚Ä¶",0,50,@FoxNews
-0.2263,Tue Oct 02 22:38:25 +0000 2018,0.16,0.84,0.0,RT @FoxNews: Anti-Kavanaugh protesters accosting senators have ties to Soros https://t.co/bDxg9LiTbg,0,51,@FoxNews
-0.3818,Tue Oct 02 22:38:25 +0000 2018,0.131,0.805,0.064,RT @FoxNews: Four members of a militant white supremacist group from California have been arrested in connection with the deadly 2017 Charl‚Ä¶,0,52,@FoxNews
0.0,Tue Oct 02 22:38:24 +0000 2018,0.0,1.0,0.0,"RT @HeyTammyBruce: .@FoxNews reporting ricin letter addressed to @potus intercepted yesterday, never made it into the White House.",0,53,@FoxNews
-0.0772,Tue Oct 02 22:38:24 +0000 2018,0.053,0.947,0.0,"RT @FoxNews: JUST IN: Two people were taken to the hospital after being exposed to a ""white powdery substance"" at Sen. Ted Cruz's office in‚Ä¶",0,54,@FoxNews
-0.296,Tue Oct 02 22:38:24 +0000 2018,0.104,0.896,0.0,@POTUS @FoxNews  @EASPORTS  @USCIS  This guys Armado Vargas and Sid do no skilled jobs. USCIS to verify their visa‚Ä¶ https://t.co/4BM1N5IMEg,0,55,@FoxNews
0.0,Tue Oct 02 22:38:21 +0000 2018,0.0,1.0,0.0,"@HeyTammyBruce @FoxNews @POTUS It will be the literal end of the left, dems &amp; globalists if something were to happe‚Ä¶ https://t.co/TcoJGH4cx5",0,56,@FoxNews
0.5399,Tue Oct 02 22:38:21 +0000 2018,0.0,0.809,0.191,"RT @FoxNews: .@JohnJamesMI: ""I promise that I will lead in Washington the way I led in Baghdad‚Äî I didn't fight for Democrats or Republicans‚Ä¶",0,57,@FoxNews
0.0,Tue Oct 02 22:38:20 +0000 2018,0.0,1.0,0.0,"RT @HeyTammyBruce: .@FoxNews reporting ricin letter addressed to @potus intercepted yesterday, never made it into the White House.",0,58,@FoxNews
-0.3182,Tue Oct 02 22:38:20 +0000 2018,0.095,0.905,0.0,"RT @FoxNews: Sen. @LindseyGrahamSC on if Kavanaugh loses a Senate floor vote: ""I would renominate him and I would take this case to the Ame‚Ä¶",0,59,@FoxNews
-0.3182,Tue Oct 02 22:38:20 +0000 2018,0.247,0.753,0.0,@FoxNews She should be fired but they‚Äôre liberal.,0,60,@FoxNews
0.0,Tue Oct 02 22:38:20 +0000 2018,0.0,1.0,0.0,@KarenMonahan01 @cathibrgnr58 @CNN @MSNBC @FoxNews @WCCO üëçüèªüëçüèªüëçüèª,0,61,@FoxNews
0.0,Tue Oct 02 22:38:20 +0000 2018,0.0,1.0,0.0,RT @FoxNews: .@FLOTUS Melania Trump arrives in Ghana for first solo international trip as first lady https://t.co/z9TCGT2dRN https://t.co/o‚Ä¶,0,62,@FoxNews
-0.2263,Tue Oct 02 22:38:19 +0000 2018,0.16,0.84,0.0,RT @FoxNews: Anti-Kavanaugh protesters accosting senators have ties to Soros https://t.co/bDxg9LiTbg,0,63,@FoxNews
-0.4588,Tue Oct 02 22:38:19 +0000 2018,0.152,0.779,0.07,"RT @FoxNews: .@POTUS: ‚ÄúMy whole life I‚Äôve heard, ‚Äòyou‚Äôre innocent until proven guilty,‚Äô but now you‚Äôre guilty until proven innocent.‚Äù https‚Ä¶",0,64,@FoxNews
0.0,Tue Oct 02 22:38:18 +0000 2018,0.0,1.0,0.0,"RT @HeyTammyBruce: .@FoxNews reporting ricin letter addressed to @potus intercepted yesterday, never made it into the White House.",0,65,@FoxNews
0.4404,Tue Oct 02 22:38:17 +0000 2018,0.0,0.847,0.153,@FoxNews @HillaryClinton I hope that applies to president's quote I never had sexual relations with that woman end‚Ä¶ https://t.co/EKkhbGaa0G,0,66,@FoxNews
0.6514,Tue Oct 02 22:38:17 +0000 2018,0.0,0.829,0.171,RT @LEzykowsky: @deirdrecavener @FoxNews That‚Äôs why he‚Äôs working for our country FOR FREE! That‚Äôs why he‚Äôs turned the economy around and pu‚Ä¶,0,67,@FoxNews
0.0,Tue Oct 02 22:38:17 +0000 2018,0.0,1.0,0.0,@FoxNews @HillaryClinton The crooked spoke.,0,68,@FoxNews
0.2023,Tue Oct 02 22:38:16 +0000 2018,0.12,0.721,0.159,@LEzykowsky @deirdrecavener @FoxNews He's working for free because he evaded millions in taxes is your actual argument?,0,69,@FoxNews
0.0,Tue Oct 02 22:38:16 +0000 2018,0.0,1.0,0.0,"I can't believe two random women are able to force themselves on to a Senator, trapping him in an elevator, IN THE‚Ä¶ https://t.co/gC2Mlk6MEu",0,70,@FoxNews
-0.3818,Tue Oct 02 22:38:15 +0000 2018,0.131,0.805,0.064,RT @FoxNews: Four members of a militant white supremacist group from California have been arrested in connection with the deadly 2017 Charl‚Ä¶,0,71,@FoxNews
-0.3818,Tue Oct 02 22:38:15 +0000 2018,0.131,0.805,0.064,RT @FoxNews: Four members of a militant white supremacist group from California have been arrested in connection with the deadly 2017 Charl‚Ä¶,0,72,@FoxNews
0.0,Tue Oct 02 22:38:15 +0000 2018,0.0,1.0,0.0,"RT @HeyTammyBruce: .@FoxNews reporting ricin letter addressed to @potus intercepted yesterday, never made it into the White House.",0,73,@FoxNews
0.7351,Tue Oct 02 22:38:14 +0000 2018,0.116,0.543,0.341,RT @Kerryhenley56: @HeyTammyBruce @sme4201968 @FoxNews @POTUS Please KEEP President Trump safe. I fear everyday for him. The Best Ever Pres‚Ä¶,0,74,@FoxNews
-0.4404,Tue Oct 02 22:38:14 +0000 2018,0.237,0.602,0.161,@FoxBusiness @FoxNews I am sure their employees living in poverty and embarrassing Amazon had nothing to do with th‚Ä¶ https://t.co/1DrJpnY4Ds,0,75,@FoxNews
0.6892,Tue Oct 02 22:38:14 +0000 2018,0.073,0.665,0.262,RT @GaetaSusan: Please tell me WHY we are hearing Chuck Schumer speak? He is 100% Partisan Hack for the Dem/Communist Party!! Please stop t‚Ä¶,0,76,@FoxNews
0.0,Tue Oct 02 22:38:13 +0000 2018,0.0,1.0,0.0,"What time does @realDonaldTrump rally start tonight in MS?  

I'm watching on Right Side Broadcasting Network.‚Ä¶ https://t.co/7xLSr7mECn",0,77,@FoxNews
-0.2263,Tue Oct 02 22:38:13 +0000 2018,0.16,0.84,0.0,RT @FoxNews: Anti-Kavanaugh protesters accosting senators have ties to Soros https://t.co/bDxg9LiTbg,0,78,@FoxNews
0.0,Tue Oct 02 22:38:13 +0000 2018,0.0,1.0,0.0,RT @FoxNews: Iraq tasks Shiite independent with forming new government. https://t.co/3gW2ylrofk,0,79,@FoxNews
0.0,Tue Oct 02 22:38:13 +0000 2018,0.0,1.0,0.0,"RT @HeyTammyBruce: .@FoxNews reporting ricin letter addressed to @potus intercepted yesterday, never made it into the White House.",0,80,@FoxNews
-0.4588,Tue Oct 02 22:38:13 +0000 2018,0.161,0.714,0.125,@real_farmacist Yeah because (as a white person) I want to be killed. #WTF @FoxNews this is the biggest load of üí© I‚Ä¶ https://t.co/i7N5j2iFdE,0,81,@FoxNews
0.0,Tue Oct 02 22:38:12 +0000 2018,0.0,1.0,0.0,"@FoxNews I personally don't care...lol I really don't. There are bigger things happening RIGHT NOW, that are FAR mo‚Ä¶ https://t.co/mz9wFUBS5D",0,82,@FoxNews
0.0,Tue Oct 02 22:38:12 +0000 2018,0.0,1.0,0.0,BREAKING NEWS!!! Kavanaugh released a new calendar today! #ConfirmJudgeKavanaughNow #KavanaughVote @realDonaldTrump‚Ä¶ https://t.co/HOxhN05knP,0,83,@FoxNews
-0.5719,Tue Oct 02 22:38:11 +0000 2018,0.158,0.842,0.0,RT @coleyworld: Trump could drop trou in the middle of 5th Ave and take a dump and the GOP would spend the next three days talking about wh‚Ä¶,0,84,@FoxNews
-0.5938,Tue Oct 02 22:38:10 +0000 2018,0.222,0.778,0.0,"RT @FoxNews: .@LindseyGrahamSC on Kavanaugh confirmation battle: ""This is bottom. If this is not bottom, help us all."" https://t.co/RoyP0v5‚Ä¶",0,85,@FoxNews
0.0,Tue Oct 02 22:38:09 +0000 2018,0.0,1.0,0.0,@jeffsessions @SpeakerRyan @senatemajldr @realdonaldtrump @potus @vp @foxnews @foxnewsalert @foxnewsalerts‚Ä¶ https://t.co/APy5svxBBj,0,86,@FoxNews
-0.0258,Tue Oct 02 22:38:09 +0000 2018,0.202,0.644,0.155,"RT @FoxNews: .@SenSchumer: ""Accusing Democrats of needlessly delaying a Supreme Court nomination is galling, is hypocritical coming from a‚Ä¶",0,87,@FoxNews
0.0,Tue Oct 02 22:38:08 +0000 2018,0.0,1.0,0.0,@FoxNews @JesseBWatters @HillaryClinton @POTUS Yup,0,88,@FoxNews
-0.6369,Tue Oct 02 22:38:07 +0000 2018,0.154,0.846,0.0,RT @KarenMonahan01: I am willing to sit in the same TV studio as Keith Ellison and have a civil conversation regarding the abuse on live TV‚Ä¶,0,89,@FoxNews
0.0,Tue Oct 02 22:38:07 +0000 2018,0.0,1.0,0.0,@DefundN @FoxNews ‚ÄúBoycottFoxNews‚Äù commenting on FOX NEWS üòÇüòÇüòÇüòÇüòÇüòÇüòÇüòÇ,0,90,@FoxNews
0.0,Tue Oct 02 22:38:07 +0000 2018,0.0,1.0,0.0,RT @FoxNews: Iraq tasks Shiite independent with forming new government. https://t.co/3gW2ylrofk,0,91,@FoxNews
0.0,Tue Oct 02 22:38:06 +0000 2018,0.0,1.0,0.0,"RT @FoxNews: .@senatemajldr: ‚ÄúThe Senate will vote on Judge Kavanaugh here on this floor, this week.‚Äù https://t.co/IBAR6gJ0oX https://t.co/‚Ä¶",0,92,@FoxNews
0.25,Tue Oct 02 22:38:06 +0000 2018,0.0,0.857,0.143,@TSearcaigh @FoxNews @MSNBC @CNN Now let‚Äôs try to convince them to do this.,0,93,@FoxNews
0.639,Tue Oct 02 22:38:06 +0000 2018,0.0,0.487,0.513,@FoxNews GOOD! Lock em up!,0,94,@FoxNews
0.2263,Tue Oct 02 22:38:06 +0000 2018,0.0,0.899,0.101,RT @FoxNews: Kanye West clarifies remark calling to ‚Äòabolish‚Äô the 13th Amendment: ‚ÄòAmend is the right language‚Äô https://t.co/EUafi5a7pH,0,95,@FoxNews
-0.6369,Tue Oct 02 22:38:04 +0000 2018,0.154,0.846,0.0,RT @KarenMonahan01: I am willing to sit in the same TV studio as Keith Ellison and have a civil conversation regarding the abuse on live TV‚Ä¶,0,96,@FoxNews
0.5574,Tue Oct 02 22:38:04 +0000 2018,0.0,0.795,0.205,"RT @FoxNews: Houston girl, 7, proudly sings national anthem in stands at Astros game. https://t.co/8Dwn2PAS61",0,97,@FoxNews
0.0,Tue Oct 02 22:38:03 +0000 2018,0.0,1.0,0.0,"@FoxNews @JimInhofe I'll never run for office, as a teenager I drank so much one night, I peed in the sink while my‚Ä¶ https://t.co/W2eSJ2zt6N",0,98,@FoxNews
-0.2263,Tue Oct 02 22:38:03 +0000 2018,0.16,0.84,0.0,RT @FoxNews: Anti-Kavanaugh protesters accosting senators have ties to Soros https://t.co/bDxg9LiTbg,0,99,@FoxNews
0.0,Tue Oct 02 22:38:47 +0000 2018,0.0,1.0,0.0,@MindOfMo @BradMossEsq @nytimes @realDonaldTrump JUST HOW BIG CAN THOSE CIVIL FINES RUN FOR #TRUMPS's #TAXFRAUD???,0,0,@nytimes
-0.5994,Tue Oct 02 22:38:47 +0000 2018,0.157,0.843,0.0,"RT @nytimes: The death toll in Friday‚Äôs earthquake and tsunami in Indonesia has risen to at least 1,234 people, officials say https://t.co/‚Ä¶",0,1,@nytimes
0.4215,Tue Oct 02 22:38:46 +0000 2018,0.0,0.877,0.123,"RT @BradMossEsq: If the @nytimes story is accurate, @realDonaldTrump defrauded the United States out of millions upon millions in tax reven‚Ä¶",0,2,@nytimes
-0.6249,Tue Oct 02 22:38:46 +0000 2018,0.255,0.745,0.0,RT @rolandscahill: Can the @nytimes do a deep dive into Fred Trump‚Äôs racism next?,0,3,@nytimes
0.0,Tue Oct 02 22:38:46 +0000 2018,0.0,1.0,0.0,RT @nytimes: President Trump has sold himself as a self-made billionaire but a Times investigation found that he received more than $400 mi‚Ä¶,0,4,@nytimes
0.0,Tue Oct 02 22:38:45 +0000 2018,0.0,1.0,0.0,@TomFitton @realDonaldTrump @nytimes Expect a tsunami until K is confirmed.,0,5,@nytimes
-0.25,Tue Oct 02 22:38:45 +0000 2018,0.204,0.625,0.171,RT @PKFLRDA: The @nytimes article about fraudulent practices used by #Trump to reduce taxes and falsify asset values proves that THERE IS N‚Ä¶,0,6,@nytimes
0.0,Tue Oct 02 22:38:45 +0000 2018,0.0,1.0,0.0,"From the @Nate_Cohn @nytimes live poll of #MI08, every single thing you need to know about 2014 v. 2018 in a single‚Ä¶ https://t.co/oS25tUJHDx",0,7,@nytimes
0.0,Tue Oct 02 22:38:45 +0000 2018,0.0,1.0,0.0,@troppobelle @ryanaber @nytimes @POTUS üò™,0,8,@nytimes
0.0,Tue Oct 02 22:38:45 +0000 2018,0.0,1.0,0.0,RT @nytimes: President Trump has sold himself as a self-made billionaire but a Times investigation found that he received more than $400 mi‚Ä¶,0,9,@nytimes
0.8126,Tue Oct 02 22:38:45 +0000 2018,0.094,0.588,0.318,"RT @oraunak: If you‚Äôre afraid of being bad at a hobby, it‚Äôs ok. At least you have a hobby üòä

Wonderful essay by ‚Å¶‚Å¶@superwuster‚Å© ‚Å¶@nytimes‚Å©‚Ä¶",0,10,@nytimes
0.4019,Tue Oct 02 22:38:44 +0000 2018,0.0,0.895,0.105,RT @nytimes: None of the 22 buoys spread over Indonesia‚Äôs open water to help monitor for tsunamis had been operational for the past 6 years‚Ä¶,0,11,@nytimes
0.0,Tue Oct 02 22:38:44 +0000 2018,0.0,1.0,0.0,RT @nytimes: President Trump has sold himself as a self-made billionaire but a Times investigation found that he received more than $400 mi‚Ä¶,0,12,@nytimes
-0.296,Tue Oct 02 22:38:44 +0000 2018,0.257,0.546,0.197,RT @JamilSmith: President Trump is a tax cheat. His family is full of tax cheats. And that cheating helped them get rich and stay rich. Wha‚Ä¶,0,13,@nytimes
0.0,Tue Oct 02 22:38:44 +0000 2018,0.0,1.0,0.0,"@LouiseMensch @tribelaw @nytopinion @nytimes @HillaryClinton @BillClinton @ChelseaClinton My point is, it must be a‚Ä¶ https://t.co/fo7bMbvy9b",0,14,@nytimes
0.0,Tue Oct 02 22:38:43 +0000 2018,0.0,1.0,0.0,RT @nytimes: President Trump has sold himself as a self-made billionaire but a Times investigation found that he received more than $400 mi‚Ä¶,0,15,@nytimes
0.0,Tue Oct 02 22:38:43 +0000 2018,0.0,1.0,0.0,RT @nytimes: President Trump has sold himself as a self-made billionaire but a Times investigation found that he received more than $400 mi‚Ä¶,0,16,@nytimes
0.0,Tue Oct 02 22:38:43 +0000 2018,0.0,1.0,0.0,RT @nytimes: President Trump has sold himself as a self-made billionaire but a Times investigation found that he received more than $400 mi‚Ä¶,0,17,@nytimes
0.4215,Tue Oct 02 22:38:43 +0000 2018,0.0,0.877,0.123,"RT @BradMossEsq: If the @nytimes story is accurate, @realDonaldTrump defrauded the United States out of millions upon millions in tax reven‚Ä¶",0,18,@nytimes
0.0,Tue Oct 02 22:38:42 +0000 2018,0.0,1.0,0.0,RT @TomFitton: More advocacy against @realDonaldTrump from the @NYTIMES. https://t.co/a5AX6T3YA1,0,19,@nytimes
0.4215,Tue Oct 02 22:38:42 +0000 2018,0.0,0.877,0.123,"RT @BradMossEsq: If the @nytimes story is accurate, @realDonaldTrump defrauded the United States out of millions upon millions in tax reven‚Ä¶",0,20,@nytimes
0.0,Tue Oct 02 22:38:41 +0000 2018,0.0,1.0,0.0,"RT @nytimes: In her first big solo trip abroad, Melania Trump is scheduled to visit 4 African countries in the span of a week: Ghana, Kenya‚Ä¶",0,21,@nytimes
0.0,Tue Oct 02 22:38:41 +0000 2018,0.0,1.0,0.0,RT @nytimes: Fred Trump took prompt action to thwart his son. He dispatched his daughter to find new estate lawyers. The lawyers quickly dr‚Ä¶,0,22,@nytimes
0.7269,Tue Oct 02 22:38:41 +0000 2018,0.0,0.736,0.264,RT @MitranoForNY23: I am honored to have earned the endorsement from @nytimes Bestselling Author and Renowned Economist @JeffDSachs. This y‚Ä¶,0,23,@nytimes
-0.4201,Tue Oct 02 22:38:40 +0000 2018,0.256,0.744,0.0,@TwitterMoments @nytimes Bias geez this guys come out as totally biased against democracy,0,24,@nytimes
0.0,Tue Oct 02 22:38:40 +0000 2018,0.0,1.0,0.0,RT @Deyanir35310271: @Murielgomez @Articulo66Nica @hrw_espanol @UN @VP @CIDH @CatholicHerald Y lis culpables del gobierno asesino que compe‚Ä¶,0,25,@nytimes
-0.8783,Tue Oct 02 22:38:40 +0000 2018,0.315,0.685,0.0,"RT @anne_stephen5: Too bad the media had been so obsessed with ""her e-mails"". They could have spared us all this misery. @CNN @MSNBC @ABC @‚Ä¶",0,26,@nytimes
0.0,Tue Oct 02 22:38:40 +0000 2018,0.0,1.0,0.0,"RT @Vicky4Trump: Breaking News just now by Shep Smith (@ShepNewsTeam) *cough* at #FoxNews... 

If Shep believes this @nytimes's report on @‚Ä¶",0,27,@nytimes
0.0,Tue Oct 02 22:38:40 +0000 2018,0.0,1.0,0.0,"RT @selcancan123: Harbiyeli √∂ƒürencilerin ailelerinden isyan...

Boƒüazi√ßi mahkemesinde g√∂r√ºlen davada √∂ƒürencilere rahatlƒ±kla hakaret, k√ºf√ºr‚Ä¶",0,28,@nytimes
-0.7845,Tue Oct 02 22:38:39 +0000 2018,0.277,0.723,0.0,RT @mikebarnicle: An incredible piece of reporting about one of the biggest tax cheating frauds ever: @realDonaldtrump via @NYTimes https:/‚Ä¶,0,29,@nytimes
-0.4588,Tue Oct 02 22:38:38 +0000 2018,0.137,0.806,0.056,RT @RicksterRicks: @umussbekidding @mateagold @nytimes you've got to be kidding. they'd have to prove the times was lying by showing that e‚Ä¶,0,30,@nytimes
0.0,Tue Oct 02 22:38:38 +0000 2018,0.0,1.0,0.0,RT @Deyanir35310271: @Murielgomez @Articulo66Nica @hrw_espanol @UN @VP @CIDH @CatholicHerald Y lis culpables del gobierno asesino que compe‚Ä¶,0,31,@nytimes
-0.4404,Tue Oct 02 22:38:38 +0000 2018,0.121,0.879,0.0,"RT @nytimes: Each year, nearly 2 million people in the U.S. graduate from college. What comes next can be intimidating: finding a job, gett‚Ä¶",0,32,@nytimes
0.2244,Tue Oct 02 22:38:38 +0000 2018,0.138,0.643,0.22,@DavidJollyFL @nytimes Oh my god he had it tough!,0,33,@nytimes
-0.5106,Tue Oct 02 22:38:38 +0000 2018,0.121,0.879,0.0,"RT @nytimes: As the 1980s ended, Donald Trump‚Äôs big bets began to go bust. Trump Shuttle was failing to make loan payments within 15 months‚Ä¶",0,34,@nytimes
-0.7263,Tue Oct 02 22:38:37 +0000 2018,0.202,0.798,0.0,"RT @ConservativeTht: In a New York Times headline, it‚Äôs been alleged that Brett Kavanaugh once threw ICE in a bar while in College! üò± Curio‚Ä¶",0,35,@nytimes
-0.6935,Tue Oct 02 22:38:37 +0000 2018,0.45,0.55,0.0,@murphymike @nytimes 30% won't care or believe it.  Sad,0,36,@nytimes
-0.6249,Tue Oct 02 22:38:37 +0000 2018,0.255,0.745,0.0,RT @rolandscahill: Can the @nytimes do a deep dive into Fred Trump‚Äôs racism next?,0,37,@nytimes
-0.0258,Tue Oct 02 22:38:36 +0000 2018,0.054,0.895,0.051,RT @SteveVit: @nytimes The same people who want Hilary in jail are the same people who voted for this crook. Hard working tax paying Americ‚Ä¶,0,38,@nytimes
-0.4019,Tue Oct 02 22:38:36 +0000 2018,0.144,0.856,0.0,"@nytimes An accounting error, President Trump? Dropped a digit, fat fingered a decimal point, and $60.7 million of‚Ä¶ https://t.co/doVoiwdW8D",0,39,@nytimes
0.4215,Tue Oct 02 22:38:35 +0000 2018,0.0,0.882,0.118,RT @samdolnick: True fact: the @nytimes had to schedule extra workers at the printing factory to publish the monster Trump taxes investigat‚Ä¶,0,40,@nytimes
0.0,Tue Oct 02 22:38:35 +0000 2018,0.0,1.0,0.0,Hey @realDonaldTrump! Any comment regarding this explosive piece from the ‚Äúfailing‚Äù @nytimes? I didn‚Äôt think so. Lo‚Ä¶ https://t.co/GBoTOgVg3h,0,41,@nytimes
0.0,Tue Oct 02 22:38:34 +0000 2018,0.0,1.0,0.0,RT @nytimes: President Trump has sold himself as a self-made billionaire but a Times investigation found that he received more than $400 mi‚Ä¶,0,42,@nytimes
-0.296,Tue Oct 02 22:38:34 +0000 2018,0.257,0.546,0.197,RT @JamilSmith: President Trump is a tax cheat. His family is full of tax cheats. And that cheating helped them get rich and stay rich. Wha‚Ä¶,0,43,@nytimes
0.5719,Tue Oct 02 22:38:34 +0000 2018,0.0,0.817,0.183,"RT @nytimes: Between 1989 and 1992, tax records show, 4 entities created by Fred Trump to support his children paid Donald Trump today‚Äôs eq‚Ä¶",0,44,@nytimes
0.0,Tue Oct 02 22:38:34 +0000 2018,0.0,1.0,0.0,@RnH_Org @nytimes @KingandIMusical Kerr,0,45,@nytimes
0.0,Tue Oct 02 22:38:33 +0000 2018,0.0,1.0,0.0,RT @nytimes: Fred Trump took prompt action to thwart his son. He dispatched his daughter to find new estate lawyers. The lawyers quickly dr‚Ä¶,0,46,@nytimes
0.0,Tue Oct 02 22:38:33 +0000 2018,0.0,1.0,0.0,RT @nytimes: What emerges from this body of evidence is a financial biography of the 45th president fundamentally at odds with the story Do‚Ä¶,0,47,@nytimes
-0.5859,Tue Oct 02 22:38:32 +0000 2018,0.16,0.84,0.0,"RT @umussbekidding: @mateagold @nytimes ‚ÄúThe New York Times‚Äôs allegations of fraud and tax evasion are 100 percent false, and highly defama‚Ä¶",0,48,@nytimes
-0.9313,Tue Oct 02 22:38:31 +0000 2018,0.381,0.619,0.0,"RT @SebGorka: From serial rapist and attempted murderer to ‚Äúthrowing ice‚Äù in just 14 days. 

Now all the World knows you are a lying append‚Ä¶",0,49,@nytimes
0.3182,Tue Oct 02 22:38:31 +0000 2018,0.0,0.723,0.277,RT @GinaLuciana: @Sparkymannz @nytimes @NZMorningReport Cool. https://t.co/wj80zwGal5,0,50,@nytimes
-0.765,Tue Oct 02 22:38:31 +0000 2018,0.485,0.515,0.0,@TheBeatWithAri @nytimes @CNBC he turns everything bad- fake president,0,51,@nytimes
0.0762,Tue Oct 02 22:38:30 +0000 2018,0.123,0.738,0.139,"@Sparkymannz @KrugerJoette @nytimes @NZMorningReport Site when and where Teddy Roosevelt said this. It‚Äôs not true, moron.",0,52,@nytimes
0.0,Tue Oct 02 22:38:30 +0000 2018,0.0,1.0,0.0,@TheAmerican22 @nytimes üòÇüòÇüëÜü§£ü§£ü§£ü§£üëÜüëÜüëÜüëÜ,0,53,@nytimes
0.836,Tue Oct 02 22:38:30 +0000 2018,0.0,0.702,0.298,RT @almostjingo: The @nytimes thinks they are smarter than the @FBI who had Trump Sr. under investigation for years good luck with that. ht‚Ä¶,0,54,@nytimes
0.0,Tue Oct 02 22:38:30 +0000 2018,0.0,1.0,0.0,"RT @DavidJollyFL: ""By age 3, Mr. Trump was earning $200,000 a year in today‚Äôs dollars.... He was a millionaire by age 8.... Soon after Mr.‚Ä¶",0,55,@nytimes
0.0772,Tue Oct 02 22:38:29 +0000 2018,0.0,0.909,0.091,"@nytimes He just have ONE life.
Do we want to follow his foot steps?",0,56,@nytimes
-0.5267,Tue Oct 02 22:38:28 +0000 2018,0.152,0.848,0.0,"RT @DavidCayJ: The 94% UNDER-valuing of Fred Trump's real estate, per @nytimes is egregious, likely criminal. Trumps escaped $300+ million‚Ä¶",0,57,@nytimes
-0.296,Tue Oct 02 22:38:27 +0000 2018,0.167,0.833,0.0,RT @doncoston2: @TomFitton @realDonaldTrump @nytimes President Trump's tax are no ones business .,0,58,@nytimes
0.0,Tue Oct 02 22:38:27 +0000 2018,0.0,1.0,0.0,"RT @TheBeatWithAri: NEW: Trump received $413 million in today‚Äôs dollars from his father‚Äôs real estate empire, much of it through tax dodges‚Ä¶",0,59,@nytimes
0.0,Tue Oct 02 22:38:27 +0000 2018,0.0,1.0,0.0,@nytimes And it all went right over his head,0,60,@nytimes
0.0,Tue Oct 02 22:38:27 +0000 2018,0.0,1.0,0.0,"RT @nytimes: The New York Times‚Äôs findings raise new questions about President Trump‚Äôs refusal to release his income tax returns, breaking‚Ä¶",0,61,@nytimes
0.0,Tue Oct 02 22:38:26 +0000 2018,0.0,1.0,0.0,RT @nytimes: President Trump has sold himself as a self-made billionaire but a Times investigation found that he received more than $400 mi‚Ä¶,0,62,@nytimes
0.0,Tue Oct 02 22:38:26 +0000 2018,0.0,1.0,0.0,"RT @nytimes: As for the $1 million loan President Trump so often cites, The New York Times found that Fred Trump actually lent his son at l‚Ä¶",0,63,@nytimes
0.0,Tue Oct 02 22:38:25 +0000 2018,0.0,1.0,0.0,RT @Sparkymannz: @GinaLuciana @nytimes @NZMorningReport Yeap &amp; ...https://t.co/bvJ44TLrOw,0,64,@nytimes
0.0,Tue Oct 02 22:38:25 +0000 2018,0.0,1.0,0.0,RT @nytimes: President Trump has sold himself as a self-made billionaire but a Times investigation found that he received more than $400 mi‚Ä¶,0,65,@nytimes
0.0,Tue Oct 02 22:38:25 +0000 2018,0.0,1.0,0.0,"RT @mcspocky: #RT @nytimes
The New York Times‚Äôs findings are based on interviews with Fred Trump‚Äôs former employees and advisers and more t‚Ä¶",0,66,@nytimes
0.0,Tue Oct 02 22:38:24 +0000 2018,0.0,1.0,0.0,RT @nytimes: President Trump has sold himself as a self-made billionaire but a Times investigation found that he received more than $400 mi‚Ä¶,0,67,@nytimes
0.2732,Tue Oct 02 22:38:24 +0000 2018,0.132,0.662,0.206,"RT @WestWingReport: Since the report by @nytimes that Trump engaged in ""outright fraud"" w/regard to a massive transfer of wealth from his f‚Ä¶",0,68,@nytimes
-0.5106,Tue Oct 02 22:38:23 +0000 2018,0.248,0.752,0.0,@nytimes He‚Äôs the liar and con that everyone thought he was.,0,69,@nytimes
0.0,Tue Oct 02 22:38:23 +0000 2018,0.0,1.0,0.0,RT @tomscocca: Hey @NYTimes I can be down there on the train in 15 minutes to give you my quick tutorial on what parts of the news do and d‚Ä¶,0,70,@nytimes
0.0,Tue Oct 02 22:38:23 +0000 2018,0.0,1.0,0.0,"RT @DavidJollyFL: ""By age 3, Mr. Trump was earning $200,000 a year in today‚Äôs dollars.... He was a millionaire by age 8.... Soon after Mr.‚Ä¶",0,71,@nytimes
0.0,Tue Oct 02 22:38:23 +0000 2018,0.0,1.0,0.0,RT @nytimes: Fred Trump took prompt action to thwart his son. He dispatched his daughter to find new estate lawyers. The lawyers quickly dr‚Ä¶,0,72,@nytimes
0.0,Tue Oct 02 22:38:22 +0000 2018,0.0,1.0,0.0,RT @nytimes: President Trump has sold himself as a self-made billionaire but a Times investigation found that he received more than $400 mi‚Ä¶,0,73,@nytimes
0.0,Tue Oct 02 22:38:21 +0000 2018,0.0,1.0,0.0,RT @nytimes: Fred Trump took prompt action to thwart his son. He dispatched his daughter to find new estate lawyers. The lawyers quickly dr‚Ä¶,0,74,@nytimes
0.0,Tue Oct 02 22:38:21 +0000 2018,0.0,1.0,0.0,"RT @nytimes: The New York Times‚Äôs findings are based on interviews with Fred Trump‚Äôs former employees and advisers and more than 100,000 pa‚Ä¶",0,75,@nytimes
-0.3612,Tue Oct 02 22:38:20 +0000 2018,0.135,0.865,0.0,"RT @RepRoybalAllard: Bombshell @nytimes report: ‚ÄúPresident Trump participated in dubious tax schemes during the 1990s, including instances‚Ä¶",0,76,@nytimes
-0.2263,Tue Oct 02 22:38:19 +0000 2018,0.079,0.921,0.0,RT @nytimes: The Manchin campaign said that he spoke with protesters ‚Äúto listen to their stories and views on Brett Kavanaugh.‚Äù One protest‚Ä¶,0,77,@nytimes
0.5859,Tue Oct 02 22:38:19 +0000 2018,0.0,0.84,0.16,"RT @mateagold: This @nytimes investigation - wow.  

""Mr. Trump received the equivalent today of at least $413 million from his father‚Äôs re‚Ä¶",0,78,@nytimes
-0.4939,Tue Oct 02 22:38:18 +0000 2018,0.127,0.873,0.0,RT @rudepundit: In that @nytimes article on Trump's tax evasion is that his asshole father used fraudulent means to justify jacking up rent‚Ä¶,0,79,@nytimes
0.0,Tue Oct 02 22:38:18 +0000 2018,0.0,1.0,0.0,"RT @nytimes: On May 4, 2004, the Trump children signed away ownership of the empire their father had built over 70 years. The total sales p‚Ä¶",0,80,@nytimes
-0.7184,Tue Oct 02 22:38:18 +0000 2018,0.274,0.645,0.081,RT @MAGATrumpGirl: @nytimes Omg the horror. Crap like this is why no one with a brain believes anything you print and you‚Äôre known as fake‚Ä¶,0,81,@nytimes
0.0,Tue Oct 02 22:38:18 +0000 2018,0.0,1.0,0.0,@nytimes https://t.co/JP3gsTga9e,0,82,@nytimes
0.0,Tue Oct 02 22:38:17 +0000 2018,0.0,1.0,0.0,RT @nytimes: President Trump has sold himself as a self-made billionaire but a Times investigation found that he received more than $400 mi‚Ä¶,0,83,@nytimes
0.5859,Tue Oct 02 22:38:16 +0000 2018,0.0,0.84,0.16,"RT @mateagold: This @nytimes investigation - wow.  

""Mr. Trump received the equivalent today of at least $413 million from his father‚Äôs re‚Ä¶",0,84,@nytimes
0.5859,Tue Oct 02 22:38:16 +0000 2018,0.0,0.84,0.16,"RT @mateagold: This @nytimes investigation - wow.  

""Mr. Trump received the equivalent today of at least $413 million from his father‚Äôs re‚Ä¶",0,85,@nytimes
-0.4588,Tue Oct 02 22:38:15 +0000 2018,0.203,0.699,0.098,"RT @TweetingApril: TOMORROW ON TRUMP TRASH REALITY TV... President Trump will be sharing NEW lies about the NYC probe, trying to Cheat his‚Ä¶",0,86,@nytimes
0.1027,Tue Oct 02 22:38:15 +0000 2018,0.165,0.615,0.219,"The @nytimes Trump empire story is a marvel ‚Äî innovative in its framing, swaggering in its language, devastating in its conclusions.",0,87,@nytimes
0.0,Tue Oct 02 22:38:15 +0000 2018,0.0,1.0,0.0,@DavidJollyFL @nytimes I was only a little older than that when I sold socks door to door and at the flea market to‚Ä¶ https://t.co/xBJD4sO8wV,0,88,@nytimes
0.0,Tue Oct 02 22:38:15 +0000 2018,0.0,1.0,0.0,RT @TomFitton: More advocacy against @realDonaldTrump from the @NYTIMES. https://t.co/a5AX6T3YA1,0,89,@nytimes
0.0,Tue Oct 02 22:38:14 +0000 2018,0.0,1.0,0.0,RT @nytimes: President Trump has sold himself as a self-made billionaire but a Times investigation found that he received more than $400 mi‚Ä¶,0,90,@nytimes
-0.296,Tue Oct 02 22:38:14 +0000 2018,0.122,0.811,0.068,"@4TaxFairness @nytimes As long as his tax planning was legal, what‚Äôs the problem? You try to maximize the deduction‚Ä¶ https://t.co/b72b83WKgF",0,91,@nytimes
0.865,Tue Oct 02 22:38:14 +0000 2018,0.0,0.663,0.337,"RT @JamesGRickards: Will the @NYTimes ever realize these stories help, not hurt Trump because everyday Americans love to poke a stick in th‚Ä¶",0,92,@nytimes
0.0,Tue Oct 02 22:38:14 +0000 2018,0.0,1.0,0.0,RT @nytimes: President Trump has sold himself as a self-made billionaire but a Times investigation found that he received more than $400 mi‚Ä¶,0,93,@nytimes
-0.765,Tue Oct 02 22:38:14 +0000 2018,0.398,0.602,0.0,When the desperate @nytimes runs a hit piece on Trump‚Äôs dead father: https://t.co/WET0Hrw6Uo,0,94,@nytimes
-0.4939,Tue Oct 02 22:38:13 +0000 2018,0.127,0.873,0.0,RT @rudepundit: In that @nytimes article on Trump's tax evasion is that his asshole father used fraudulent means to justify jacking up rent‚Ä¶,0,95,@nytimes
0.0,Tue Oct 02 22:38:13 +0000 2018,0.0,1.0,0.0,RT @nytimes: Fred Trump took prompt action to thwart his son. He dispatched his daughter to find new estate lawyers. The lawyers quickly dr‚Ä¶,0,96,@nytimes
0.4215,Tue Oct 02 22:38:13 +0000 2018,0.0,0.877,0.123,"RT @BradMossEsq: If the @nytimes story is accurate, @realDonaldTrump defrauded the United States out of millions upon millions in tax reven‚Ä¶",0,97,@nytimes
0.0,Tue Oct 02 22:38:13 +0000 2018,0.0,1.0,0.0,RT @nytimes: President Trump has sold himself as a self-made billionaire but a Times investigation found that he received more than $400 mi‚Ä¶,0,98,@nytimes
-0.4404,Tue Oct 02 22:38:12 +0000 2018,0.139,0.861,0.0,"RT @hwdylikethapple: Two too dirty rats, #Trump &amp; #Cavanaugh they really r
THICK RATS URINATING on MORAL &amp; POLITICS
T^^^^^^R^^^^^U^^^^^^^^^‚Ä¶",0,99,@nytimes
